State,Total,< 30 days,30 to < 90 days,90 days to < 6 months,6 months to < 1 year,1 year to < 2 years,2 years to < 3 years,3 years to < 5 years,> 5 years,Payment type,Blood type,Age,Ethnicity,Sex
Alabama,455,9,22,61,101,146,73,54,40,NA,NA,NA,NA,Female
Alabama,713,16,38,87,150,237,135,95,43,NA,NA,NA,NA,Male
Alabama,787,5,7,72,169,267,146,97,48,Public insurance - Medicare FFS (Fee for Service),NA,NA,NA,NA
Alabama,688,9,32,88,154,215,122,93,57,NA,NA,NA,"Black, Non-Hispanic",NA
Alabama,631,14,30,80,136,209,124,81,46,NA,O,NA,NA,NA
Alabama,543,10,27,64,114,193,96,73,34,NA,NA,50-64 Years,NA,NA
Alabama,447,14,26,57,86,156,81,51,25,NA,NA,NA,"White, Non-Hispanic",NA
Alabama,323,6,27,46,54,98,52,47,21,Private insurance,NA,NA,NA,NA
Alabama,314,10,18,39,75,104,47,30,18,NA,A,NA,NA,NA
Alabama,269,6,16,41,61,86,48,31,18,NA,NA,35-49 Years,NA,NA
Alabama,252,6,10,26,43,76,49,38,24,NA,NA,65 +,NA,NA
Alabama,194,1,10,23,36,58,34,37,19,NA,B,NA,NA,NA
Alabama,113,2,7,20,25,28,14,10,8,Public insurance - Medicare & Choice,NA,NA,NA,NA
Alabama,86,3,5,11,29,25,15,7,6,NA,NA,18-34 Years,NA,NA
Alabama,30,0,3,5,6,10,5,2,2,Public insurance - Department of VA,NA,NA,NA,NA
Alabama,30,13,16,0,1,0,0,0,0,Unknown,NA,NA,NA,NA
Alabama,27,0,2,6,4,12,3,1,0,NA,AB,NA,NA,NA
Alabama,19,0,0,7,4,1,3,1,3,Public insurance - Medicaid,NA,NA,NA,NA
Alabama,18,1,2,1,5,7,3,2,0,NA,NA,NA,Hispanic/Latino,NA
Alabama,13,0,0,0,5,4,2,2,1,NA,NA,NA,"Asian, Non-Hispanic",NA
Alabama,10,0,1,0,1,3,0,5,0,Public insurance - Other government,NA,NA,NA,NA
Alabama,10,0,1,3,3,2,0,0,1,NA,NA,11-17 Years,NA,NA
Alabama,4,0,1,3,0,0,0,0,0,NA,NA,1-5 Years,NA,NA
Alabama,3,0,0,0,1,2,1,0,0,NA,NA,NA,"American Indian/Alaska Native, Non-Hispanic",NA
Alabama,2,0,0,0,1,1,0,0,0,NA,NA,6-10 Years,NA,NA
Alabama,1,0,0,0,0,0,0,0,1,Pending,NA,NA,NA,NA
Alabama,1,1,0,0,0,0,0,0,0,NA,NA,NA,Unknown,NA
Alabama,1,0,0,1,0,0,0,0,0,NA,NA,NA,"Pacific Islander, Non-Hispanic",NA
Alabama,1,0,0,1,0,0,0,1,0,NA,NA,NA,"Multiracial, Non-Hispanic",NA
Alaska,58,1,2,9,11,9,8,12,7,NA,NA,NA,NA,Female
Alaska,60,2,0,2,7,9,15,17,8,NA,NA,NA,NA,Male
Alaska,58,2,1,3,7,7,15,17,7,NA,O,NA,NA,NA
Alaska,50,0,0,8,7,9,12,10,4,Private insurance,NA,NA,NA,NA
Alaska,49,1,0,5,7,8,12,11,5,NA,NA,NA,"White, Non-Hispanic",NA
Alaska,47,2,0,2,8,7,11,12,5,NA,NA,50-64 Years,NA,NA
Alaska,41,1,0,5,11,8,5,6,5,NA,A,NA,NA,NA
Alaska,35,1,1,1,6,5,7,9,6,NA,NA,65 +,NA,NA
Alaska,32,0,1,2,8,7,6,8,0,Public insurance - Medicare FFS (Fee for Service),NA,NA,NA,NA
Alaska,30,1,1,3,6,5,7,5,3,NA,NA,NA,"Asian, Non-Hispanic",NA
Alaska,25,0,1,3,3,5,3,7,3,NA,NA,35-49 Years,NA,NA
Alaska,16,0,0,1,2,1,3,6,3,Public insurance - Medicaid,NA,NA,NA,NA
Alaska,15,0,1,3,0,2,2,5,2,NA,B,NA,NA,NA
Alaska,14,0,0,0,2,1,3,4,4,NA,NA,NA,"Black, Non-Hispanic",NA
Alaska,14,0,1,0,1,3,1,6,2,NA,NA,NA,"Pacific Islander, Non-Hispanic",NA
Alaska,12,0,0,0,1,1,1,1,8,Public insurance - Medicare & Choice,NA,NA,NA,NA
Alaska,11,0,0,5,1,1,2,1,1,NA,NA,18-34 Years,NA,NA
Alaska,5,0,0,0,2,1,0,2,0,NA,NA,NA,"American Indian/Alaska Native, Non-Hispanic",NA
Alaska,4,0,0,0,0,0,0,4,0,Public insurance - Other government,NA,NA,NA,NA
Alaska,4,3,1,0,0,0,0,0,0,Unknown,NA,NA,NA,NA
Alaska,4,0,0,0,0,1,1,1,1,NA,AB,NA,NA,NA
Alaska,3,1,0,1,0,0,0,1,0,NA,NA,NA,Hispanic/Latino,NA
Alaska,3,0,0,2,0,0,0,0,1,NA,NA,NA,"Multiracial, Non-Hispanic",NA
Alaska,1,0,0,0,0,0,1,0,0,Public insurance - Department of VA,NA,NA,NA,NA
Arizona,388,17,44,50,67,88,32,37,57,NA,NA,NA,NA,Female
Arizona,647,37,79,108,119,124,81,62,43,NA,NA,NA,NA,Male
Arizona,630,29,67,86,107,136,74,72,66,NA,O,NA,NA,NA
Arizona,423,18,51,58,72,92,52,42,44,NA,NA,50-64 Years,NA,NA
Arizona,406,23,44,57,71,78,45,56,33,Private insurance,NA,NA,NA,NA
Arizona,383,19,56,65,66,72,41,38,29,NA,NA,NA,"White, Non-Hispanic",NA
Arizona,364,18,43,52,75,68,44,27,39,NA,NA,NA,Hispanic/Latino,NA
Arizona,272,14,34,42,48,47,28,26,34,NA,NA,65 +,NA,NA
Arizona,265,17,36,46,51,51,27,18,21,NA,A,NA,NA,NA
Arizona,235,15,26,37,42,48,24,25,18,NA,NA,35-49 Years,NA,NA
Arizona,195,10,26,32,23,40,17,27,23,Public insurance - Medicare FFS (Fee for Service),NA,NA,NA,NA
Arizona,187,9,27,33,50,36,19,5,8,Public insurance - Medicare & Choice,NA,NA,NA,NA
Arizona,163,5,18,24,27,38,23,9,19,Public insurance - Medicaid,NA,NA,NA,NA
Arizona,125,7,17,25,25,21,11,9,11,NA,B,NA,NA,NA
Arizona,122,11,9,19,22,28,13,15,7,NA,NA,NA,"Black, Non-Hispanic",NA
Arizona,113,4,12,11,15,27,11,14,19,NA,NA,NA,"American Indian/Alaska Native, Non-Hispanic",NA
Arizona,90,4,8,19,24,21,7,5,4,NA,NA,18-34 Years,NA,NA
Arizona,44,2,2,7,7,13,4,5,5,NA,NA,NA,"Asian, Non-Hispanic",NA
Arizona,36,1,4,5,8,11,5,1,2,Public insurance - Department of VA,NA,NA,NA,NA
Arizona,29,1,3,7,7,8,2,0,1,Public insurance - Other government,NA,NA,NA,NA
Arizona,15,1,3,1,3,4,1,0,2,NA,AB,NA,NA,NA
Arizona,13,0,0,0,0,0,0,0,13,Public insurance - Medicare Unspecified,NA,NA,NA,NA
Arizona,13,2,4,2,0,4,1,1,0,NA,NA,11-17 Years,NA,NA
Arizona,9,0,0,4,1,3,0,0,1,NA,NA,NA,"Multiracial, Non-Hispanic",NA
Arizona,8,5,1,0,0,0,0,0,2,Unknown,NA,NA,NA,NA
Arizona,2,0,1,0,0,1,0,0,0,NA,NA,NA,"Pacific Islander, Non-Hispanic",NA
Arizona,1,0,0,0,0,0,1,0,0,Foreign Government Specify,NA,NA,NA,NA
Arizona,1,0,0,0,0,0,0,1,0,Pending,NA,NA,NA,NA
Arizona,1,0,0,0,0,1,0,0,0,Public insurance - CHIP (Children's Health Insurance Program),NA,NA,NA,NA
Arizona,1,0,0,0,0,0,1,0,0,Self,NA,NA,NA,NA
Arizona,1,0,0,0,0,0,1,0,0,NA,NA,1-5 Years,NA,NA
Arizona,1,1,0,0,0,0,0,0,0,NA,NA,6-10 Years,NA,NA
Arkansas,116,6,16,16,21,38,14,12,8,NA,NA,NA,NA,Female
Arkansas,227,19,32,30,46,62,18,25,14,NA,NA,NA,NA,Male
Arkansas,176,13,26,21,37,53,18,18,10,NA,O,NA,NA,NA
Arkansas,144,11,13,19,23,45,13,15,16,NA,NA,NA,"Black, Non-Hispanic",NA
Arkansas,140,11,18,28,25,32,12,22,8,NA,NA,50-64 Years,NA,NA
Arkansas,139,10,21,18,35,39,15,14,3,NA,NA,NA,"White, Non-Hispanic",NA
Arkansas,117,7,20,11,26,31,8,10,6,Public insurance - Medicare & Choice,NA,NA,NA,NA
Arkansas,110,9,11,16,18,35,9,13,7,Private insurance,NA,NA,NA,NA
Arkansas,93,8,14,13,17,19,7,13,9,NA,A,NA,NA,NA
Arkansas,92,6,11,13,15,22,13,12,5,Public insurance - Medicare FFS (Fee for Service),NA,NA,NA,NA
Arkansas,85,6,10,9,17,29,6,6,9,NA,NA,35-49 Years,NA,NA
Arkansas,76,4,14,2,14,25,10,8,3,NA,NA,65 +,NA,NA
Arkansas,67,3,7,10,13,26,6,6,3,NA,B,NA,NA,NA
Arkansas,35,3,9,5,6,8,1,3,1,NA,NA,NA,Hispanic/Latino,NA
Arkansas,32,4,6,6,10,8,3,0,2,NA,NA,18-34 Years,NA,NA
Arkansas,28,0,4,5,6,9,3,0,1,Public insurance - Medicaid,NA,NA,NA,NA
Arkansas,14,0,2,1,2,3,2,3,1,NA,NA,NA,"Multiracial, Non-Hispanic",NA
Arkansas,12,1,1,1,2,1,1,2,3,Public insurance - Department of VA,NA,NA,NA,NA
Arkansas,10,1,1,3,0,4,1,2,1,NA,NA,NA,"Asian, Non-Hispanic",NA
Arkansas,7,1,1,2,0,2,1,0,0,NA,AB,NA,NA,NA
Arkansas,6,0,0,0,0,5,0,1,0,NA,NA,11-17 Years,NA,NA
Arkansas,3,0,0,0,1,2,0,0,0,Public insurance - Other government,NA,NA,NA,NA
Arkansas,3,2,1,0,0,0,0,0,0,Unknown,NA,NA,NA,NA
Arkansas,2,0,0,0,1,0,1,0,0,NA,NA,1-5 Years,NA,NA
Arkansas,2,0,0,1,0,1,0,0,0,NA,NA,6-10 Years,NA,NA
Arkansas,2,0,1,0,0,1,0,0,0,NA,NA,NA,"American Indian/Alaska Native, Non-Hispanic",NA
Arkansas,1,0,1,0,0,0,0,0,0,NA,NA,NA,Unknown,NA
Arkansas,1,0,0,0,1,0,0,0,0,NA,NA,NA,"Pacific Islander, Non-Hispanic",NA
California,"6,409",177,309,425,800,"1,286",866,"1,425","1,356",NA,NA,NA,NA,Female
California,"11,002",277,584,729,"1,388","2,190","1,597","2,354","2,343",NA,NA,NA,NA,Male
California,"9,706",244,450,612,"1,190","1,868","1,349","2,170","2,234",NA,O,NA,NA,NA
California,"8,397",194,428,543,"1,042","1,615","1,156","1,832","1,780",NA,NA,NA,Hispanic/Latino,NA
California,"7,613",195,379,492,947,"1,567","1,055","1,680","1,621",NA,NA,50-64 Years,NA,NA
California,"7,469",173,324,516,968,"1,460","1,036","1,661","1,583",Private insurance,NA,NA,NA,NA
California,"4,665",125,257,317,619,995,699,967,831,NA,A,NA,NA,NA
California,"4,184",77,184,253,456,796,636,911,891,Public insurance - Medicaid,NA,NA,NA,NA
California,"4,163",78,178,229,467,729,552,969,"1,105",NA,NA,65 +,NA,NA
California,"4,136",82,162,254,511,811,551,925,941,Public insurance - Medicare FFS (Fee for Service),NA,NA,NA,NA
California,"3,944",126,216,291,505,811,635,834,714,NA,NA,35-49 Years,NA,NA
California,"3,530",92,184,219,441,748,483,829,729,NA,NA,NA,"Asian, Non-Hispanic",NA
California,"3,196",92,154,239,438,685,467,627,652,NA,NA,NA,"White, Non-Hispanic",NA
California,"2,582",70,148,187,306,516,356,565,568,NA,B,NA,NA,NA
California,"1,800",52,87,114,215,331,275,379,424,NA,NA,NA,"Black, Non-Hispanic",NA
California,"1,420",45,95,111,226,310,188,264,222,NA,NA,18-34 Years,NA,NA
California,"1,387",40,93,102,203,296,208,238,214,Public insurance - Medicare & Choice,NA,NA,NA,NA
California,456,15,38,38,73,97,59,77,66,NA,AB,NA,NA,NA
California,261,9,10,15,25,46,39,60,65,NA,NA,NA,"Pacific Islander, Non-Hispanic",NA
California,204,8,11,16,21,40,34,45,32,NA,NA,NA,"Multiracial, Non-Hispanic",NA
California,192,76,114,0,0,0,0,1,1,Unknown,NA,NA,NA,NA
California,176,0,0,7,14,66,17,29,43,Public insurance - Other government,NA,NA,NA,NA
California,168,4,21,22,23,29,20,22,28,NA,NA,11-17 Years,NA,NA
California,113,5,9,10,22,30,17,9,13,Public insurance - Department of VA,NA,NA,NA,NA
California,97,1,8,11,15,21,9,21,11,Public insurance - CHIP (Children's Health Insurance Program),NA,NA,NA,NA
California,80,2,5,8,7,15,11,13,20,NA,NA,NA,"American Indian/Alaska Native, Non-Hispanic",NA
California,65,4,2,6,10,20,8,6,9,NA,NA,6-10 Years,NA,NA
California,36,2,2,3,10,10,5,4,0,NA,NA,1-5 Years,NA,NA
California,19,0,0,1,3,7,1,5,2,Pending,NA,NA,NA,NA
California,19,5,14,0,0,0,0,0,0,NA,NA,NA,Unknown,NA
California,10,0,0,0,0,0,0,0,10,Public insurance - Medicare Unspecified,NA,NA,NA,NA
California,4,0,0,1,0,0,0,0,3,Self,NA,NA,NA,NA
California,3,0,0,0,2,0,1,0,0,Foreign Government Specify,NA,NA,NA,NA
Colorado,336,16,32,53,48,95,41,39,21,NA,NA,NA,NA,Female
Colorado,605,26,59,92,87,156,91,77,37,NA,NA,NA,NA,Male
Colorado,554,14,45,73,83,166,86,78,29,NA,O,NA,NA,NA
Colorado,511,26,46,78,80,133,75,61,28,NA,NA,NA,"White, Non-Hispanic",NA
Colorado,427,2,19,77,67,115,55,69,30,Private insurance,NA,NA,NA,NA
Colorado,385,13,40,61,56,95,56,50,26,NA,NA,50-64 Years,NA,NA
Colorado,261,13,33,39,38,71,26,28,17,NA,NA,NA,Hispanic/Latino,NA
Colorado,255,24,31,50,34,55,25,20,19,NA,A,NA,NA,NA
Colorado,251,8,14,34,34,70,44,39,17,NA,NA,65 +,NA,NA
Colorado,207,0,6,36,39,58,38,27,6,Public insurance - Medicare & Choice,NA,NA,NA,NA
Colorado,201,10,23,33,28,56,26,22,11,NA,NA,35-49 Years,NA,NA
Colorado,143,1,9,17,20,45,28,9,14,Public insurance - Medicaid,NA,NA,NA,NA
Colorado,116,4,10,20,17,27,18,16,10,NA,B,NA,NA,NA
Colorado,101,1,6,14,13,24,20,17,10,NA,NA,NA,"Black, Non-Hispanic",NA
Colorado,98,37,56,5,0,0,0,0,0,Unknown,NA,NA,NA,NA
Colorado,82,10,10,13,14,21,5,5,4,NA,NA,18-34 Years,NA,NA
Colorado,62,1,1,7,6,26,5,10,6,Public insurance - Medicare FFS (Fee for Service),NA,NA,NA,NA
Colorado,49,1,5,12,3,14,7,7,2,NA,NA,NA,"Asian, Non-Hispanic",NA
Colorado,16,1,0,3,2,5,3,1,2,Public insurance - Department of VA,NA,NA,NA,NA
Colorado,16,0,5,2,1,3,3,2,0,NA,AB,NA,NA,NA
Colorado,13,0,3,3,3,4,0,0,0,NA,NA,11-17 Years,NA,NA
Colorado,10,0,0,1,0,4,3,2,0,NA,NA,NA,"American Indian/Alaska Native, Non-Hispanic",NA
Colorado,8,0,0,0,2,2,3,0,1,Public insurance - Other government,NA,NA,NA,NA
Colorado,7,1,0,0,1,2,1,1,1,NA,NA,NA,"Multiracial, Non-Hispanic",NA
Colorado,6,0,1,1,0,3,1,0,0,NA,NA,1-5 Years,NA,NA
Colorado,4,0,0,1,0,3,0,0,0,NA,NA,NA,"Pacific Islander, Non-Hispanic",NA
Colorado,3,1,0,0,0,2,0,0,0,NA,NA,6-10 Years,NA,NA
Colorado,1,0,0,0,0,1,0,0,0,Public insurance - CHIP (Children's Health Insurance Program),NA,NA,NA,NA
Colorado,1,0,0,0,0,0,1,0,0,Self,NA,NA,NA,NA
Colorado,1,0,1,0,0,0,0,0,0,NA,NA,NA,Unknown,NA
Connecticut,324,8,28,31,59,76,46,44,39,NA,NA,NA,NA,Female
Connecticut,615,31,38,48,90,155,105,119,60,NA,NA,NA,NA,Male
Connecticut,501,17,33,42,78,128,87,88,54,NA,O,NA,NA,NA
Connecticut,453,15,37,41,73,110,69,83,42,NA,NA,50-64 Years,NA,NA
Connecticut,412,2,26,40,78,106,59,65,51,Private insurance,NA,NA,NA,NA
Connecticut,412,14,33,34,67,108,65,70,41,NA,NA,NA,"White, Non-Hispanic",NA
Connecticut,306,18,15,26,45,67,48,57,39,NA,NA,NA,"Black, Non-Hispanic",NA
Connecticut,277,1,7,21,28,50,56,80,37,Public insurance - Medicare FFS (Fee for Service),NA,NA,NA,NA
Connecticut,261,11,19,22,43,66,41,39,26,NA,A,NA,NA,NA
Connecticut,208,6,10,13,34,53,31,39,29,NA,NA,65 +,NA,NA
Connecticut,203,14,13,17,26,48,41,36,20,NA,NA,35-49 Years,NA,NA
Connecticut,157,6,14,14,27,40,22,26,13,NA,NA,NA,Hispanic/Latino,NA
Connecticut,151,9,12,15,24,32,19,30,16,NA,B,NA,NA,NA
Connecticut,120,1,5,10,21,42,17,13,11,Public insurance - Medicaid,NA,NA,NA,NA
Connecticut,93,0,1,8,20,36,21,7,0,Public insurance - Medicare & Choice,NA,NA,NA,NA
Connecticut,66,4,4,6,13,18,10,5,8,NA,NA,18-34 Years,NA,NA
Connecticut,61,34,27,0,0,0,0,0,0,Unknown,NA,NA,NA,NA
Connecticut,48,0,4,3,7,14,12,4,4,NA,NA,NA,"Asian, Non-Hispanic",NA
Connecticut,26,2,2,0,4,5,4,6,3,NA,AB,NA,NA,NA
Connecticut,17,0,0,2,3,3,4,3,2,NA,NA,NA,"Multiracial, Non-Hispanic",NA
Connecticut,6,0,0,0,2,1,1,2,1,Public insurance - Department of VA,NA,NA,NA,NA
Connecticut,6,0,1,1,3,1,0,0,0,NA,NA,11-17 Years,NA,NA
Connecticut,2,0,1,0,0,1,0,0,0,NA,NA,6-10 Years,NA,NA
Connecticut,2,0,0,0,0,0,0,2,0,NA,NA,NA,"American Indian/Alaska Native, Non-Hispanic",NA
Connecticut,2,1,0,0,0,0,0,1,0,NA,NA,NA,"Pacific Islander, Non-Hispanic",NA
Connecticut,1,1,0,0,0,0,0,0,0,Public insurance - Other government,NA,NA,NA,NA
Connecticut,1,0,0,1,0,0,0,0,0,NA,NA,1-5 Years,NA,NA
Delaware,132,3,11,10,16,41,21,27,13,NA,NA,NA,NA,Female
Delaware,227,8,14,25,39,43,29,53,33,NA,NA,NA,NA,Male
Delaware,359,11,25,35,55,84,50,80,46,All payments,All ABO,All ages,All ethnicities,NA
Delaware,187,7,15,13,28,52,23,43,24,NA,NA,NA,"Black, Non-Hispanic",NA
Delaware,183,5,10,19,28,47,25,45,24,NA,O,NA,NA,NA
Delaware,176,1,7,15,30,39,30,42,24,Private insurance,NA,NA,NA,NA
Delaware,157,5,16,15,26,36,18,30,22,NA,NA,50-64 Years,NA,NA
Delaware,131,4,7,14,17,24,23,25,21,NA,NA,NA,"White, Non-Hispanic",NA
Delaware,110,4,4,7,16,25,14,31,16,NA,NA,65 +,NA,NA
Delaware,94,0,3,14,15,25,8,22,9,Public insurance - Medicare & Choice,NA,NA,NA,NA
Delaware,94,2,8,10,18,18,13,17,12,NA,A,NA,NA,NA
Delaware,77,4,6,5,9,17,12,18,9,NA,B,NA,NA,NA
Delaware,63,0,4,6,7,16,14,13,7,NA,NA,35-49 Years,NA,NA
Delaware,59,0,4,2,10,17,8,11,8,Public insurance - Medicare FFS (Fee for Service),NA,NA,NA,NA
Delaware,24,2,0,7,4,7,4,5,0,NA,NA,18-34 Years,NA,NA
Delaware,24,0,0,5,6,6,2,6,1,NA,NA,NA,Hispanic/Latino,NA
Delaware,18,10,8,0,0,0,0,0,0,Unknown,NA,NA,NA,NA
Delaware,18,0,2,2,4,3,2,6,0,NA,NA,NA,"Asian, Non-Hispanic",NA
Delaware,13,0,0,2,0,1,3,3,4,Public insurance - Medicaid,NA,NA,NA,NA
Delaware,12,0,3,2,1,2,0,3,1,Public insurance - Department of VA,NA,NA,NA,NA
Delaware,5,0,1,1,0,2,0,0,1,NA,AB,NA,NA,NA
Delaware,4,0,1,0,1,0,0,1,1,NA,NA,11-17 Years,NA,NA
Delaware,2,0,1,1,0,0,0,0,0,NA,NA,NA,"Multiracial, Non-Hispanic",NA
Delaware,1,0,0,0,0,0,1,0,0,Public insurance - Other government,NA,NA,NA,NA
Delaware,1,0,0,0,1,0,0,0,0,NA,NA,1-5 Years,NA,NA
District of Columbia,76,4,8,5,11,16,8,11,16,NA,NA,NA,NA,Female
District of Columbia,119,1,11,13,20,33,8,19,15,NA,NA,NA,NA,Male
District of Columbia,143,3,16,10,23,35,12,23,25,NA,NA,NA,"Black, Non-Hispanic",NA
District of Columbia,107,3,11,13,11,25,10,23,13,NA,O,NA,NA,NA
District of Columbia,79,2,7,6,15,17,5,16,13,NA,NA,50-64 Years,NA,NA
District of Columbia,64,0,0,7,13,21,5,11,7,Private insurance,NA,NA,NA,NA
District of Columbia,56,2,5,6,5,19,6,5,9,NA,NA,35-49 Years,NA,NA
District of Columbia,51,0,2,4,12,15,4,5,9,Public insurance - Medicaid,NA,NA,NA,NA
District of Columbia,49,1,4,2,11,15,3,4,10,NA,A,NA,NA,NA
District of Columbia,48,1,3,4,2,9,7,13,9,Public insurance - Medicare FFS (Fee for Service),NA,NA,NA,NA
District of Columbia,41,0,5,4,7,6,5,7,8,NA,NA,65 +,NA,NA
District of Columbia,35,1,3,3,8,8,3,3,7,NA,B,NA,NA,NA
District of Columbia,23,0,1,1,5,9,2,3,2,NA,NA,NA,Hispanic/Latino,NA
District of Columbia,19,0,2,4,2,3,1,3,4,NA,NA,NA,"White, Non-Hispanic",NA
District of Columbia,17,3,14,0,0,0,0,0,0,Unknown,NA,NA,NA,NA
District of Columbia,14,1,2,0,3,6,0,1,1,NA,NA,18-34 Years,NA,NA
District of Columbia,8,0,0,1,2,3,0,1,1,Public insurance - Medicare & Choice,NA,NA,NA,NA
District of Columbia,6,1,0,2,0,1,1,1,0,NA,NA,NA,"Asian, Non-Hispanic",NA
District of Columbia,4,1,0,1,0,2,0,0,0,Public insurance - Other government,NA,NA,NA,NA
District of Columbia,4,0,1,0,1,1,0,0,1,NA,AB,NA,NA,NA
District of Columbia,3,1,0,1,1,1,0,0,1,Public insurance - Department of VA,NA,NA,NA,NA
District of Columbia,3,0,0,1,1,0,0,1,0,NA,NA,1-5 Years,NA,NA
District of Columbia,3,0,0,1,1,1,0,0,0,NA,NA,NA,"Multiracial, Non-Hispanic",NA
District of Columbia,2,0,0,0,1,0,0,0,1,Foreign Government Specify,NA,NA,NA,NA
District of Columbia,2,0,0,0,0,0,0,0,2,Self,NA,NA,NA,NA
District of Columbia,1,0,0,0,0,0,0,0,1,US/State Govt Agency,NA,NA,NA,NA
District of Columbia,1,0,0,0,0,1,0,0,0,NA,NA,6-10 Years,NA,NA
District of Columbia,1,0,0,1,0,0,0,0,0,NA,NA,11-17 Years,NA,NA
District of Columbia,1,1,0,0,0,0,0,0,0,NA,NA,NA,Unknown,NA
District of Columbia,1,1,0,0,0,0,0,0,0,NA,NA,NA,"Pacific Islander, Non-Hispanic",NA
Florida,"1,526",76,145,215,309,380,185,194,126,NA,NA,NA,NA,Female
Florida,"2,567",139,275,353,533,614,309,361,143,NA,NA,NA,NA,Male
Florida,"2,237",95,205,279,457,579,282,345,146,NA,O,NA,NA,NA
Florida,"1,649",61,118,208,355,402,211,250,107,Private insurance,NA,NA,NA,NA
Florida,"1,636",83,168,202,328,384,192,246,125,NA,NA,50-64 Years,NA,NA
Florida,"1,520",72,132,206,289,364,189,231,128,NA,NA,NA,"Black, Non-Hispanic",NA
Florida,"1,502",74,157,200,315,371,198,189,89,NA,NA,NA,"White, Non-Hispanic",NA
Florida,"1,152",49,106,187,219,297,126,155,78,NA,NA,65 +,NA,NA
Florida,"1,151",23,64,177,238,307,127,160,91,Public insurance - Medicare FFS (Fee for Service),NA,NA,NA,NA
Florida,"1,041",74,131,175,238,231,94,84,68,NA,A,NA,NA,NA
Florida,937,58,106,128,209,229,132,111,48,NA,NA,35-49 Years,NA,NA
Florida,836,54,110,125,181,191,81,104,37,NA,NA,NA,Hispanic/Latino,NA
Florida,831,15,77,143,178,212,101,88,36,Public insurance - Medicare & Choice,NA,NA,NA,NA
Florida,729,39,69,100,133,167,110,122,48,NA,B,NA,NA,NA
Florida,329,17,37,45,76,79,41,41,16,NA,NA,18-34 Years,NA,NA
Florida,241,107,134,1,0,0,0,0,0,Unknown,NA,NA,NA,NA
Florida,213,11,16,33,47,63,23,25,13,NA,NA,NA,"Asian, Non-Hispanic",NA
Florida,157,4,14,18,38,32,22,21,8,Public insurance - Medicaid,NA,NA,NA,NA
Florida,152,6,10,21,33,33,27,24,10,Public insurance - Department of VA,NA,NA,NA,NA
Florida,86,7,15,14,14,17,8,4,7,NA,AB,NA,NA,NA
Florida,72,1,4,5,7,18,6,22,9,Public insurance - Other government,NA,NA,NA,NA
Florida,26,3,1,2,7,2,2,6,3,NA,NA,NA,"Multiracial, Non-Hispanic",NA
Florida,23,4,2,3,5,3,2,2,2,NA,NA,11-17 Years,NA,NA
Florida,11,2,1,2,4,2,0,0,0,NA,NA,1-5 Years,NA,NA
Florida,10,0,0,1,3,4,1,1,1,NA,NA,NA,"American Indian/Alaska Native, Non-Hispanic",NA
Florida,9,0,0,0,0,0,0,0,9,Public insurance - Medicare Unspecified,NA,NA,NA,NA
Florida,8,1,2,1,2,2,1,0,0,NA,NA,NA,"Pacific Islander, Non-Hispanic",NA
Florida,5,2,0,1,1,0,1,0,0,NA,NA,6-10 Years,NA,NA
Florida,3,0,3,0,0,0,0,0,0,NA,NA,NA,Unknown,NA
Florida,2,0,0,1,0,0,0,0,1,Self,NA,NA,NA,NA
Florida,1,0,0,0,0,0,1,0,0,Foreign Government Specify,NA,NA,NA,NA
Florida,1,0,0,0,1,0,0,0,0,Free Care,NA,NA,NA,NA
Georgia,968,42,105,103,162,243,170,119,109,NA,NA,NA,NA,Female
Georgia,"1,514",77,147,164,247,355,244,238,169,NA,NA,NA,NA,Male
Georgia,"1,641",72,159,168,260,401,285,244,206,NA,NA,NA,"Black, Non-Hispanic",NA
Georgia,"1,335",59,131,136,215,330,233,209,150,NA,O,NA,NA,NA
Georgia,"1,105",56,102,101,173,267,197,174,146,NA,NA,50-64 Years,NA,NA
Georgia,"1,071",36,82,124,165,251,171,164,126,Private insurance,NA,NA,NA,NA
Georgia,764,23,47,67,128,199,141,110,89,Public insurance - Medicare FFS (Fee for Service),NA,NA,NA,NA
Georgia,617,35,80,73,106,141,89,80,63,NA,NA,35-49 Years,NA,NA
Georgia,570,32,62,68,105,135,93,78,41,NA,NA,NA,"White, Non-Hispanic",NA
Georgia,567,36,74,65,99,141,85,53,49,NA,A,NA,NA,NA
Georgia,526,19,41,46,94,141,92,79,55,NA,NA,65 +,NA,NA
Georgia,520,18,42,54,83,109,95,92,72,NA,B,NA,NA,NA
Georgia,412,10,41,56,82,88,62,54,32,Public insurance - Medicare & Choice,NA,NA,NA,NA
Georgia,202,8,28,36,29,43,33,23,12,NA,NA,18-34 Years,NA,NA
Georgia,156,2,10,14,19,41,28,23,19,Public insurance - Medicaid,NA,NA,NA,NA
Georgia,147,7,14,18,21,37,20,16,19,NA,NA,NA,Hispanic/Latino,NA
Georgia,117,5,14,12,23,24,15,19,10,NA,NA,NA,"Asian, Non-Hispanic",NA
Georgia,111,43,64,1,0,0,1,1,1,Unknown,NA,NA,NA,NA
Georgia,69,4,8,4,16,19,11,7,9,Public insurance - Department of VA,NA,NA,NA,NA
Georgia,61,6,5,12,12,18,1,3,7,NA,AB,NA,NA,NA
Georgia,22,1,1,0,2,9,2,2,5,Public insurance - Other government,NA,NA,NA,NA
Georgia,19,1,1,5,5,4,1,0,2,NA,NA,11-17 Years,NA,NA
Georgia,7,0,0,1,2,1,2,1,0,NA,NA,6-10 Years,NA,NA
Georgia,7,1,2,1,0,0,2,0,1,NA,NA,NA,"Pacific Islander, Non-Hispanic",NA
Georgia,6,0,0,5,0,1,0,0,0,NA,NA,1-5 Years,NA,NA
Georgia,4,1,1,0,0,1,0,1,0,NA,NA,NA,"Multiracial, Non-Hispanic",NA
Georgia,3,1,0,1,1,0,0,0,0,Public insurance - CHIP (Children's Health Insurance Program),NA,NA,NA,NA
Georgia,2,0,0,0,0,0,2,0,0,Self,NA,NA,NA,NA
Georgia,1,1,0,0,0,0,0,0,0,NA,NA,NA,Unknown,NA
Georgia,1,0,0,0,0,0,0,0,1,NA,NA,NA,"American Indian/Alaska Native, Non-Hispanic",NA
Hawaii,205,3,8,11,23,37,30,51,50,NA,NA,NA,NA,Female
Hawaii,291,8,17,12,33,41,47,84,60,NA,NA,NA,NA,Male
Hawaii,332,6,15,11,33,46,47,100,85,Private insurance,NA,NA,NA,NA
Hawaii,283,5,10,16,35,38,43,77,67,NA,NA,NA,"Asian, Non-Hispanic",NA
Hawaii,219,7,14,9,24,39,35,54,48,NA,NA,50-64 Years,NA,NA
Hawaii,186,6,10,7,24,27,31,47,41,NA,O,NA,NA,NA
Hawaii,158,4,11,7,18,23,28,41,34,NA,A,NA,NA,NA
Hawaii,139,1,2,3,13,17,24,48,37,NA,NA,65 +,NA,NA
Hawaii,120,1,3,7,12,24,11,37,29,NA,B,NA,NA,NA
Hawaii,104,0,9,8,15,15,16,24,19,NA,NA,35-49 Years,NA,NA
Hawaii,85,1,9,3,8,12,12,20,22,NA,NA,NA,"Pacific Islander, Non-Hispanic",NA
Hawaii,83,1,2,5,9,15,18,21,13,Public insurance - Medicare FFS (Fee for Service),NA,NA,NA,NA
Hawaii,67,1,2,4,8,10,11,20,12,NA,NA,NA,"Multiracial, Non-Hispanic",NA
Hawaii,49,1,2,6,5,9,10,9,7,Public insurance - Medicaid,NA,NA,NA,NA
Hawaii,37,2,1,0,4,11,7,9,5,NA,NA,NA,"White, Non-Hispanic",NA
Hawaii,32,0,1,2,2,4,7,10,6,NA,AB,NA,NA,NA
Hawaii,25,1,4,1,7,6,2,2,2,Public insurance - Medicare & Choice,NA,NA,NA,NA
Hawaii,24,2,0,2,3,2,2,9,4,NA,NA,18-34 Years,NA,NA
Hawaii,18,0,0,0,0,4,4,7,4,NA,NA,NA,Hispanic/Latino,NA
Hawaii,8,0,2,0,0,1,0,2,3,Public insurance - Other government,NA,NA,NA,NA
Hawaii,8,1,1,0,1,3,0,2,1,NA,NA,NA,"Black, Non-Hispanic",NA
Hawaii,5,0,1,0,2,1,0,1,0,Public insurance - Department of VA,NA,NA,NA,NA
Hawaii,5,1,0,0,1,2,0,0,1,NA,NA,11-17 Years,NA,NA
Hawaii,3,0,0,0,0,2,0,0,1,NA,NA,6-10 Years,NA,NA
Hawaii,2,2,0,0,0,0,0,0,0,Unknown,NA,NA,NA,NA
Hawaii,2,0,0,1,0,1,0,0,0,NA,NA,1-5 Years,NA,NA
Hawaii,2,0,2,0,0,0,0,0,0,NA,NA,NA,Unknown,NA
Hawaii,1,0,0,0,0,0,0,0,1,Pending,NA,NA,NA,NA
Hawaii,1,1,0,0,0,0,0,0,0,NA,NA,NA,"American Indian/Alaska Native, Non-Hispanic",NA
Idaho,82,4,8,10,15,19,16,8,5,NA,NA,NA,NA,Female
Idaho,131,2,16,13,24,40,12,19,6,NA,NA,NA,NA,Male
Idaho,151,5,16,16,26,41,20,20,10,NA,NA,NA,"White, Non-Hispanic",NA
Idaho,128,3,17,12,18,36,17,20,7,NA,O,NA,NA,NA
Idaho,82,1,4,11,20,23,13,9,3,Private insurance,NA,NA,NA,NA
Idaho,77,1,7,4,9,25,11,14,6,NA,NA,65 +,NA,NA
Idaho,75,0,6,9,10,23,10,11,6,Public insurance - Medicare FFS (Fee for Service),NA,NA,NA,NA
Idaho,71,2,10,7,12,20,11,9,3,NA,NA,50-64 Years,NA,NA
Idaho,61,1,4,8,18,19,6,4,2,NA,A,NA,NA,NA
Idaho,43,1,4,10,11,9,5,2,2,NA,NA,35-49 Years,NA,NA
Idaho,38,1,4,3,6,12,6,5,1,NA,NA,NA,Hispanic/Latino,NA
Idaho,22,0,1,1,6,5,4,3,2,Public insurance - Medicare & Choice,NA,NA,NA,NA
Idaho,22,2,2,3,2,4,5,3,2,NA,B,NA,NA,NA
Idaho,16,5,11,0,0,0,0,0,0,Unknown,NA,NA,NA,NA
Idaho,16,0,2,2,6,3,1,2,0,NA,NA,18-34 Years,NA,NA
Idaho,14,0,1,2,3,4,1,3,0,Public insurance - Medicaid,NA,NA,NA,NA
Idaho,6,0,2,1,4,0,0,0,0,NA,NA,NA,"Asian, Non-Hispanic",NA
Idaho,5,0,1,0,0,4,0,0,0,Public insurance - Department of VA,NA,NA,NA,NA
Idaho,5,0,1,1,0,2,0,1,0,NA,NA,NA,"Black, Non-Hispanic",NA
Idaho,5,0,0,1,1,1,1,1,0,NA,NA,NA,"American Indian/Alaska Native, Non-Hispanic",NA
Idaho,4,0,0,1,0,2,1,0,0,NA,NA,NA,"Pacific Islander, Non-Hispanic",NA
Idaho,3,2,0,0,0,1,0,0,0,NA,NA,1-5 Years,NA,NA
Idaho,3,0,0,0,2,1,0,0,0,NA,NA,NA,"Multiracial, Non-Hispanic",NA
Idaho,2,0,1,0,1,0,0,0,0,NA,AB,NA,NA,NA
Idaho,2,0,0,0,1,1,0,0,0,NA,NA,6-10 Years,NA,NA
Idaho,1,0,0,0,0,0,0,1,0,Public insurance - Other government,NA,NA,NA,NA
Idaho,1,0,1,0,0,0,0,0,0,NA,NA,11-17 Years,NA,NA
Idaho,1,0,1,0,0,0,0,0,0,NA,NA,NA,Unknown,NA
Illinois,"1,354",55,133,130,244,304,211,199,135,NA,NA,NA,NA,Female
Illinois,"2,226",113,191,268,381,527,365,308,181,NA,NA,NA,NA,Male
Illinois,"2,056",94,162,223,350,475,356,315,184,NA,O,NA,NA,NA
Illinois,"1,645",38,128,165,267,392,294,257,170,Private insurance,NA,NA,NA,NA
Illinois,"1,461",71,134,157,237,350,231,219,134,NA,NA,50-64 Years,NA,NA
Illinois,"1,305",55,118,158,237,299,221,189,104,NA,NA,NA,"White, Non-Hispanic",NA
Illinois,"1,277",54,95,128,209,294,191,200,149,NA,NA,NA,"Black, Non-Hispanic",NA
Illinois,963,48,69,100,161,232,159,146,92,NA,NA,65 +,NA,NA
Illinois,881,44,95,110,156,211,128,100,67,NA,A,NA,NA,NA
Illinois,816,34,81,94,155,175,136,99,69,NA,NA,35-49 Years,NA,NA
Illinois,764,15,50,93,132,179,127,118,70,Public insurance - Medicare FFS (Fee for Service),NA,NA,NA,NA
Illinois,759,38,87,92,137,177,121,83,41,NA,NA,NA,Hispanic/Latino,NA
Illinois,553,25,55,53,100,127,84,82,55,NA,B,NA,NA,NA
Illinois,550,22,46,68,107,130,86,64,35,Public insurance - Medicare & Choice,NA,NA,NA,NA
Illinois,512,22,46,62,110,106,67,63,39,Public insurance - Medicaid,NA,NA,NA,NA
Illinois,293,10,31,45,58,70,44,39,18,NA,NA,18-34 Years,NA,NA
Illinois,208,17,17,17,38,53,37,31,18,NA,NA,NA,"Asian, Non-Hispanic",NA
Illinois,118,67,50,1,0,0,0,0,0,Unknown,NA,NA,NA,NA
Illinois,90,5,12,12,19,18,8,10,10,NA,AB,NA,NA,NA
Illinois,52,4,3,8,9,21,4,3,3,Public insurance - Department of VA,NA,NA,NA,NA
Illinois,26,1,4,2,2,7,4,3,3,NA,NA,NA,"Multiracial, Non-Hispanic",NA
Illinois,25,3,5,0,6,3,3,3,2,NA,NA,11-17 Years,NA,NA
Illinois,16,0,2,1,3,7,0,2,1,Public insurance - Other government,NA,NA,NA,NA
Illinois,14,2,2,2,4,0,2,1,1,NA,NA,6-10 Years,NA,NA
Illinois,8,0,2,0,4,1,1,0,0,NA,NA,1-5 Years,NA,NA
Illinois,6,3,3,0,0,0,0,0,0,NA,NA,NA,Unknown,NA
Illinois,6,0,0,1,1,3,0,1,0,NA,NA,NA,"American Indian/Alaska Native, Non-Hispanic",NA
Illinois,6,0,0,0,2,1,2,0,1,NA,NA,NA,"Pacific Islander, Non-Hispanic",NA
Illinois,3,0,0,0,0,0,2,1,0,Pending,NA,NA,NA,NA
Illinois,2,0,0,2,0,0,0,0,0,Foreign Government Specify,NA,NA,NA,NA
Illinois,1,0,0,0,0,0,0,1,0,Free Care,NA,NA,NA,NA
Illinois,1,0,0,0,0,0,0,0,1,Public insurance - Medicare Unspecified,NA,NA,NA,NA
Illinois,1,0,0,0,0,1,0,0,0,Self,NA,NA,NA,NA
Indiana,466,16,39,44,89,117,88,66,27,NA,NA,NA,NA,Female
Indiana,786,27,68,84,147,222,135,90,48,NA,NA,NA,NA,Male
Indiana,717,25,65,81,138,188,120,93,32,NA,NA,NA,"White, Non-Hispanic",NA
Indiana,696,19,48,64,117,208,136,96,41,NA,O,NA,NA,NA
Indiana,553,11,32,55,100,144,112,81,35,Private insurance,NA,NA,NA,NA
Indiana,512,16,38,60,93,141,84,66,38,NA,NA,50-64 Years,NA,NA
Indiana,381,14,29,30,68,107,75,43,31,NA,NA,NA,"Black, Non-Hispanic",NA
Indiana,349,15,36,40,85,90,44,34,12,NA,A,NA,NA,NA
Indiana,324,12,33,29,55,91,59,43,18,NA,NA,65 +,NA,NA
Indiana,291,12,24,24,63,81,48,36,17,NA,NA,35-49 Years,NA,NA
Indiana,282,8,27,23,37,76,53,42,20,Public insurance - Medicare FFS (Fee for Service),NA,NA,NA,NA
Indiana,249,10,23,31,63,75,23,17,8,Public insurance - Medicare & Choice,NA,NA,NA,NA
Indiana,177,7,20,22,25,37,35,24,21,NA,B,NA,NA,NA
Indiana,136,3,10,12,33,35,26,12,5,Public insurance - Medicaid,NA,NA,NA,NA
Indiana,117,3,9,11,24,26,32,11,2,NA,NA,18-34 Years,NA,NA
Indiana,100,2,7,14,15,27,17,17,8,NA,NA,NA,Hispanic/Latino,NA
Indiana,47,0,4,2,14,17,9,3,2,NA,NA,NA,"Asian, Non-Hispanic",NA
Indiana,41,3,6,7,3,12,7,3,6,Public insurance - Department of VA,NA,NA,NA,NA
Indiana,30,2,3,2,9,4,8,2,1,NA,AB,NA,NA,NA
Indiana,18,8,9,0,0,0,0,0,1,Unknown,NA,NA,NA,NA
Indiana,5,2,1,0,0,0,0,0,2,NA,NA,NA,"Multiracial, Non-Hispanic",NA
Indiana,4,0,0,0,0,0,3,1,0,Public insurance - Other government,NA,NA,NA,NA
Indiana,4,0,1,2,1,0,0,0,0,NA,NA,6-10 Years,NA,NA
Indiana,3,0,1,2,0,0,0,0,0,NA,NA,11-17 Years,NA,NA
Indiana,3,0,1,0,0,0,2,0,0,NA,NA,NA,"Pacific Islander, Non-Hispanic",NA
Indiana,2,0,0,1,1,0,0,0,0,NA,NA,NA,"American Indian/Alaska Native, Non-Hispanic",NA
Indiana,1,0,0,0,0,0,0,0,1,Self,NA,NA,NA,NA
Indiana,1,0,1,0,0,0,0,0,0,NA,NA,1-5 Years,NA,NA
Iowa,163,3,14,26,43,33,17,24,8,NA,NA,NA,NA,Female
Iowa,316,15,30,45,76,89,45,29,14,NA,NA,NA,NA,Male
Iowa,346,13,30,54,82,94,41,39,16,NA,NA,NA,"White, Non-Hispanic",NA
Iowa,267,9,21,28,69,76,35,31,16,NA,O,NA,NA,NA
Iowa,192,4,12,31,42,47,28,30,11,Private insurance,NA,NA,NA,NA
Iowa,185,6,12,32,51,43,29,23,8,NA,NA,50-64 Years,NA,NA
Iowa,140,5,8,31,32,33,14,13,8,Public insurance - Medicare FFS (Fee for Service),NA,NA,NA,NA
Iowa,140,7,18,29,33,29,15,16,2,NA,A,NA,NA,NA
Iowa,139,5,13,19,30,40,14,17,9,NA,NA,65 +,NA,NA
Iowa,98,5,12,14,21,21,13,10,4,NA,NA,35-49 Years,NA,NA
Iowa,64,0,1,3,17,24,14,4,1,Public insurance - Medicare & Choice,NA,NA,NA,NA
Iowa,61,0,5,13,12,16,11,6,2,NA,B,NA,NA,NA
Iowa,58,0,6,6,24,14,4,3,2,Public insurance - Medicaid,NA,NA,NA,NA
Iowa,55,2,6,4,13,13,9,8,3,NA,NA,NA,"Black, Non-Hispanic",NA
Iowa,54,2,6,6,17,17,5,3,1,NA,NA,18-34 Years,NA,NA
Iowa,52,2,5,9,12,10,9,4,3,NA,NA,NA,Hispanic/Latino,NA
Iowa,24,9,16,0,0,0,0,0,0,Unknown,NA,NA,NA,NA
Iowa,15,1,2,2,5,3,1,2,0,NA,NA,NA,"Asian, Non-Hispanic",NA
Iowa,13,0,0,0,5,3,2,3,0,Public insurance - Department of VA,NA,NA,NA,NA
Iowa,11,2,0,1,5,1,1,0,2,NA,AB,NA,NA,NA
Iowa,7,0,0,1,3,2,1,0,0,NA,NA,NA,"American Indian/Alaska Native, Non-Hispanic",NA
Iowa,3,0,0,1,0,2,0,0,0,Public insurance - Other government,NA,NA,NA,NA
Iowa,3,0,0,0,2,0,1,0,0,NA,NA,NA,"Pacific Islander, Non-Hispanic",NA
Iowa,3,0,0,1,2,0,0,0,0,NA,NA,NA,"Multiracial, Non-Hispanic",NA
Iowa,2,0,1,0,0,0,1,0,0,NA,NA,6-10 Years,NA,NA
Iowa,1,0,1,0,0,0,0,0,0,Self,NA,NA,NA,NA
Iowa,1,0,0,0,0,1,0,0,0,NA,NA,1-5 Years,NA,NA
Iowa,1,0,1,0,0,0,0,0,0,NA,NA,NA,Unknown,NA
Kansas,132,4,11,22,32,36,16,8,4,NA,NA,NA,NA,Female
Kansas,231,7,22,30,54,69,30,23,5,NA,NA,NA,NA,Male
Kansas,229,4,21,30,55,67,31,25,4,NA,NA,NA,"White, Non-Hispanic",NA
Kansas,221,7,19,29,52,71,28,17,6,NA,O,NA,NA,NA
Kansas,191,3,19,29,43,50,30,19,4,Private insurance,NA,NA,NA,NA
Kansas,147,5,14,20,31,48,17,16,1,NA,NA,50-64 Years,NA,NA
Kansas,98,2,11,15,24,21,15,10,2,NA,A,NA,NA,NA
Kansas,93,3,9,14,23,29,12,3,4,NA,NA,65 +,NA,NA
Kansas,80,2,9,11,16,27,7,7,2,Public insurance - Medicare FFS (Fee for Service),NA,NA,NA,NA
Kansas,73,2,5,16,20,16,10,3,1,NA,NA,35-49 Years,NA,NA
Kansas,58,3,7,12,14,11,5,3,4,NA,NA,NA,"Black, Non-Hispanic",NA
Kansas,49,1,3,7,18,16,4,1,0,Public insurance - Medicare & Choice,NA,NA,NA,NA
Kansas,49,4,3,5,12,14,8,2,1,NA,NA,NA,Hispanic/Latino,NA
Kansas,37,2,3,7,10,10,2,2,1,NA,B,NA,NA,NA
Kansas,33,0,5,2,7,9,5,6,0,NA,NA,18-34 Years,NA,NA
Kansas,30,1,0,6,6,9,4,3,1,Public insurance - Medicaid,NA,NA,NA,NA
Kansas,14,0,0,3,3,7,1,0,0,NA,NA,NA,"Asian, Non-Hispanic",NA
Kansas,9,1,2,0,2,0,1,1,2,Public insurance - Department of VA,NA,NA,NA,NA
Kansas,9,0,1,0,1,5,1,1,0,NA,NA,NA,"Multiracial, Non-Hispanic",NA
Kansas,7,0,0,1,0,3,1,2,0,NA,AB,NA,NA,NA
Kansas,7,1,0,0,2,0,1,1,2,NA,NA,11-17 Years,NA,NA
Kansas,5,0,0,0,3,2,0,0,0,NA,NA,1-5 Years,NA,NA
Kansas,5,0,0,0,0,1,1,2,1,NA,NA,6-10 Years,NA,NA
Kansas,5,0,1,2,1,1,0,0,0,NA,NA,NA,"American Indian/Alaska Native, Non-Hispanic",NA
Kansas,4,0,0,0,1,3,0,0,0,Public insurance - Other government,NA,NA,NA,NA
Kansas,3,3,0,0,0,0,0,0,0,Unknown,NA,NA,NA,NA
Kentucky,354,17,42,41,63,104,48,47,20,NA,NA,NA,NA,Female
Kentucky,503,27,33,55,109,135,90,81,24,NA,NA,NA,NA,Male
Kentucky,586,25,54,75,117,151,92,83,33,NA,NA,NA,"White, Non-Hispanic",NA
Kentucky,469,13,37,50,96,128,69,77,20,Private insurance,NA,NA,NA,NA
Kentucky,435,26,40,46,98,104,71,72,23,NA,O,NA,NA,NA
Kentucky,340,19,28,34,68,96,57,47,20,NA,NA,50-64 Years,NA,NA
Kentucky,300,12,25,38,55,97,47,37,11,NA,A,NA,NA,NA
Kentucky,233,16,18,16,51,75,41,39,8,NA,NA,NA,"Black, Non-Hispanic",NA
Kentucky,223,9,24,23,40,50,35,41,16,NA,NA,65 +,NA,NA
Kentucky,207,10,15,29,36,68,35,31,6,NA,NA,35-49 Years,NA,NA
Kentucky,175,6,10,12,27,51,28,37,13,Public insurance - Medicare FFS (Fee for Service),NA,NA,NA,NA
Kentucky,132,3,10,15,28,38,29,8,7,Public insurance - Medicaid,NA,NA,NA,NA
Kentucky,102,6,9,9,14,34,14,16,9,NA,B,NA,NA,NA
Kentucky,94,5,12,18,18,20,10,7,4,Public insurance - Medicare & Choice,NA,NA,NA,NA
Kentucky,75,5,5,7,27,23,9,9,2,NA,NA,18-34 Years,NA,NA
Kentucky,21,1,1,3,3,8,4,3,1,NA,NA,NA,Hispanic/Latino,NA
Kentucky,20,0,1,3,5,4,6,3,1,NA,AB,NA,NA,NA
Kentucky,18,15,3,0,0,0,0,0,0,Unknown,NA,NA,NA,NA
Kentucky,17,2,3,3,5,2,3,1,0,Public insurance - Department of VA,NA,NA,NA,NA
Kentucky,14,1,2,2,1,4,1,3,1,NA,NA,NA,"Asian, Non-Hispanic",NA
Kentucky,4,1,0,1,0,1,1,0,0,NA,NA,1-5 Years,NA,NA
Kentucky,4,0,2,0,0,1,1,0,0,NA,NA,6-10 Years,NA,NA
Kentucky,4,0,1,2,1,0,0,0,0,NA,NA,11-17 Years,NA,NA
Kentucky,2,0,0,0,1,1,0,0,0,Public insurance - Other government,NA,NA,NA,NA
Kentucky,2,0,0,0,0,1,1,0,0,NA,NA,NA,"Pacific Islander, Non-Hispanic",NA
Kentucky,1,0,0,0,0,0,0,0,1,Pending,NA,NA,NA,NA
Kentucky,1,1,0,0,0,0,0,0,0,NA,NA,NA,Unknown,NA
Kentucky,1,0,0,0,0,0,0,0,1,NA,NA,NA,"Multiracial, Non-Hispanic",NA
Louisiana,581,32,38,56,102,147,85,89,50,NA,NA,NA,NA,Female
Louisiana,926,28,63,79,159,215,168,157,83,NA,NA,NA,NA,Male
Louisiana,"1,017",38,56,95,163,251,179,163,102,NA,NA,NA,"Black, Non-Hispanic",NA
Louisiana,819,28,57,69,149,178,142,149,76,NA,O,NA,NA,NA
Louisiana,676,24,47,49,109,161,118,114,70,NA,NA,50-64 Years,NA,NA
Louisiana,563,22,44,41,89,130,88,101,61,Private insurance,NA,NA,NA,NA
Louisiana,537,11,28,47,76,126,103,97,59,Public insurance - Medicare FFS (Fee for Service),NA,NA,NA,NA
Louisiana,424,21,38,37,87,92,63,75,25,NA,NA,NA,"White, Non-Hispanic",NA
Louisiana,374,16,30,38,60,95,63,53,29,NA,A,NA,NA,NA
Louisiana,359,11,16,29,71,82,58,72,33,NA,NA,65 +,NA,NA
Louisiana,340,17,27,39,65,83,55,45,22,NA,NA,35-49 Years,NA,NA
Louisiana,272,11,10,23,43,81,44,43,23,NA,B,NA,NA,NA
Louisiana,193,6,19,20,37,48,31,23,9,Public insurance - Medicaid,NA,NA,NA,NA
Louisiana,192,7,9,26,57,52,26,14,1,Public insurance - Medicare & Choice,NA,NA,NA,NA
Louisiana,112,6,7,15,14,30,20,15,7,NA,NA,18-34 Years,NA,NA
Louisiana,41,5,4,5,9,8,4,1,5,NA,AB,NA,NA,NA
Louisiana,35,0,4,1,7,9,5,6,3,NA,NA,NA,Hispanic/Latino,NA
Louisiana,29,0,2,0,2,10,5,10,1,Public insurance - Department of VA,NA,NA,NA,NA
Louisiana,24,1,2,2,3,8,5,1,3,NA,NA,NA,"Asian, Non-Hispanic",NA
Louisiana,14,14,0,0,0,0,0,0,0,Unknown,NA,NA,NA,NA
Louisiana,13,2,3,3,1,2,1,0,1,NA,NA,11-17 Years,NA,NA
Louisiana,6,0,0,1,0,0,1,3,1,Public insurance - Other government,NA,NA,NA,NA
Louisiana,5,0,0,0,1,3,1,0,0,NA,NA,6-10 Years,NA,NA
Louisiana,3,0,0,0,1,2,0,0,0,NA,NA,NA,"Pacific Islander, Non-Hispanic",NA
Louisiana,2,0,1,0,0,0,1,0,0,NA,NA,NA,"American Indian/Alaska Native, Non-Hispanic",NA
Louisiana,1,0,0,0,0,0,0,0,1,Public insurance - Medicare Unspecified,NA,NA,NA,NA
Louisiana,1,0,1,0,0,1,0,0,0,NA,NA,1-5 Years,NA,NA
Louisiana,1,0,0,0,0,0,0,1,0,NA,NA,NA,"Multiracial, Non-Hispanic",NA
Maine,134,6,10,13,23,35,31,15,3,NA,NA,NA,NA,Female
Maine,242,8,9,18,49,53,64,40,11,NA,NA,NA,NA,Male
Maine,340,14,17,31,63,79,84,50,12,NA,NA,NA,"White, Non-Hispanic",NA
Maine,174,4,8,14,39,43,42,28,6,NA,O,NA,NA,NA
Maine,150,0,0,15,34,45,36,16,8,Public insurance - Medicare FFS (Fee for Service),NA,NA,NA,NA
Maine,147,9,8,15,26,35,36,12,8,NA,A,NA,NA,NA
Maine,146,6,7,16,25,32,42,19,5,NA,NA,50-64 Years,NA,NA
Maine,138,3,6,11,25,34,31,24,6,NA,NA,65 +,NA,NA
Maine,112,0,4,11,23,28,26,16,5,Private insurance,NA,NA,NA,NA
Maine,70,5,4,1,19,16,14,11,3,NA,NA,35-49 Years,NA,NA
Maine,45,1,3,2,6,8,13,12,0,NA,B,NA,NA,NA
Maine,42,1,2,0,4,3,16,17,0,Public insurance - Medicare & Choice,NA,NA,NA,NA
Maine,40,1,0,2,8,8,15,5,1,Public insurance - Medicaid,NA,NA,NA,NA
Maine,23,12,11,0,0,0,0,0,0,Unknown,NA,NA,NA,NA
Maine,20,0,2,3,2,5,8,1,0,NA,NA,18-34 Years,NA,NA
Maine,19,0,1,0,5,6,5,3,0,NA,NA,NA,"Black, Non-Hispanic",NA
Maine,10,0,1,3,2,1,2,2,0,Public insurance - Department of VA,NA,NA,NA,NA
Maine,10,0,0,0,1,2,4,3,0,NA,AB,NA,NA,NA
Maine,10,0,1,0,2,2,3,1,1,NA,NA,NA,"Asian, Non-Hispanic",NA
Maine,5,0,1,0,1,3,0,0,0,Public insurance - Other government,NA,NA,NA,NA
Maine,4,0,0,0,2,1,1,0,1,NA,NA,NA,Hispanic/Latino,NA
Maine,2,0,0,0,1,1,0,0,0,NA,NA,11-17 Years,NA,NA
Maine,2,0,0,0,0,0,2,0,0,NA,NA,NA,"Pacific Islander, Non-Hispanic",NA
Maine,1,0,0,0,0,0,0,1,0,Pending,NA,NA,NA,NA
Maine,1,0,0,0,0,0,0,1,0,NA,NA,NA,"American Indian/Alaska Native, Non-Hispanic",NA
Maryland,759,32,60,73,118,190,98,137,95,NA,NA,NA,NA,Female
Maryland,"1,289",38,97,127,202,284,236,219,156,NA,NA,NA,NA,Male
Maryland,"1,274",41,96,112,215,300,208,212,169,NA,NA,NA,"Black, Non-Hispanic",NA
Maryland,"1,080",40,77,94,158,261,186,199,135,NA,O,NA,NA,NA
Maryland,"1,057",10,55,107,172,260,185,191,121,Private insurance,NA,NA,NA,NA
Maryland,867,38,70,90,154,198,132,144,99,NA,NA,50-64 Years,NA,NA
Maryland,598,11,37,54,68,123,107,136,88,NA,NA,65 +,NA,NA
Maryland,528,5,38,54,64,109,82,118,67,Public insurance - Medicare FFS (Fee for Service),NA,NA,NA,NA
Maryland,525,17,39,50,85,132,78,76,65,NA,A,NA,NA,NA
Maryland,503,14,41,61,61,107,76,100,61,NA,NA,NA,"White, Non-Hispanic",NA
Maryland,435,12,36,41,76,117,77,60,45,NA,NA,35-49 Years,NA,NA
Maryland,386,10,37,44,65,69,65,75,48,NA,B,NA,NA,NA
Maryland,174,4,8,16,49,43,31,6,18,Public insurance - Medicare & Choice,NA,NA,NA,NA
Maryland,168,2,6,14,17,47,29,32,24,Public insurance - Medicaid,NA,NA,NA,NA
Maryland,133,3,8,13,24,35,25,24,9,NA,NA,NA,"Asian, Non-Hispanic",NA
Maryland,129,10,9,14,17,32,23,16,11,NA,NA,NA,Hispanic/Latino,NA
Maryland,128,6,12,14,21,32,16,12,16,NA,NA,18-34 Years,NA,NA
Maryland,84,44,40,0,0,0,0,0,0,Unknown,NA,NA,NA,NA
Maryland,62,5,6,6,16,10,10,7,9,Public insurance - Department of VA,NA,NA,NA,NA
Maryland,57,3,4,12,12,12,5,6,3,NA,AB,NA,NA,NA
Maryland,38,0,4,3,5,10,0,6,10,Public insurance - Other government,NA,NA,NA,NA
Maryland,11,2,1,1,1,2,1,2,1,NA,NA,11-17 Years,NA,NA
Maryland,9,0,1,0,3,1,1,2,1,NA,NA,NA,"Multiracial, Non-Hispanic",NA
Maryland,6,0,0,0,0,1,1,2,2,NA,NA,6-10 Years,NA,NA
Maryland,3,0,0,0,0,0,0,0,3,Public insurance - Medicare Unspecified,NA,NA,NA,NA
Maryland,3,1,1,0,0,1,0,0,0,NA,NA,1-5 Years,NA,NA
Maryland,3,1,2,0,0,0,0,0,0,NA,NA,NA,Unknown,NA
Maryland,3,1,0,0,0,0,0,2,0,NA,NA,NA,"American Indian/Alaska Native, Non-Hispanic",NA
Maryland,2,0,0,0,0,0,1,1,0,NA,NA,NA,"Pacific Islander, Non-Hispanic",NA
Maryland,1,0,0,0,0,0,0,0,1,US/State Govt Agency,NA,NA,NA,NA
Massachusetts,"1,122",42,56,81,145,239,217,218,152,NA,NA,NA,NA,Female
Massachusetts,"1,839",51,77,153,239,397,395,343,237,NA,NA,NA,NA,Male
Massachusetts,"1,582",56,76,137,213,334,315,295,209,NA,NA,NA,"White, Non-Hispanic",NA
Massachusetts,"1,510",47,63,108,186,323,313,315,200,NA,O,NA,NA,NA
Massachusetts,"1,280",18,47,110,157,273,272,262,167,Private insurance,NA,NA,NA,NA
Massachusetts,"1,241",43,58,93,171,257,255,231,158,NA,NA,50-64 Years,NA,NA
Massachusetts,925,26,34,66,96,195,189,192,145,NA,NA,65 +,NA,NA
Massachusetts,888,31,44,91,126,190,180,144,101,NA,A,NA,NA,NA
Massachusetts,637,5,27,47,94,142,126,107,92,Public insurance - Medicaid,NA,NA,NA,NA
Massachusetts,598,18,27,43,70,130,131,107,84,NA,NA,NA,"Black, Non-Hispanic",NA
Massachusetts,586,13,27,55,75,123,136,111,75,NA,NA,35-49 Years,NA,NA
Massachusetts,523,14,22,36,67,118,107,102,66,NA,NA,NA,Hispanic/Latino,NA
Massachusetts,518,12,22,38,84,105,101,99,61,Public insurance - Medicare & Choice,NA,NA,NA,NA
Massachusetts,477,8,20,26,65,102,97,90,84,NA,B,NA,NA,NA
Massachusetts,409,2,12,31,46,89,96,79,56,Public insurance - Medicare FFS (Fee for Service),NA,NA,NA,NA
Massachusetts,236,4,6,17,30,48,56,54,26,NA,NA,NA,"Asian, Non-Hispanic",NA
Massachusetts,194,11,11,19,38,57,30,26,11,NA,NA,18-34 Years,NA,NA
Massachusetts,86,7,6,9,7,21,22,12,4,NA,AB,NA,NA,NA
Massachusetts,78,54,24,0,0,0,0,0,0,Unknown,NA,NA,NA,NA
Massachusetts,64,1,1,5,4,18,12,13,11,Public insurance - Other government,NA,NA,NA,NA
Massachusetts,22,1,0,3,2,8,7,2,2,Public insurance - Department of VA,NA,NA,NA,NA
Massachusetts,14,1,0,1,3,3,3,1,2,NA,NA,NA,"Multiracial, Non-Hispanic",NA
Massachusetts,9,0,3,0,3,1,1,1,0,NA,NA,11-17 Years,NA,NA
Massachusetts,5,0,0,1,0,3,1,0,0,Foreign Government Specify,NA,NA,NA,NA
Massachusetts,5,1,0,0,0,1,0,1,2,NA,NA,NA,"American Indian/Alaska Native, Non-Hispanic",NA
Massachusetts,5,0,1,0,1,2,0,1,0,NA,NA,NA,"Pacific Islander, Non-Hispanic",NA
Massachusetts,3,0,0,0,1,2,0,0,0,NA,NA,1-5 Years,NA,NA
Massachusetts,3,0,0,1,0,1,1,0,0,NA,NA,6-10 Years,NA,NA
Massachusetts,1,0,0,0,1,0,0,0,0,Self,NA,NA,NA,NA
Massachusetts,1,0,1,0,0,0,0,0,0,NA,NA,NA,Unknown,NA
Michigan,881,43,85,100,156,202,130,100,81,NA,NA,NA,NA,Female
Michigan,"1,258",52,109,124,229,313,172,149,130,NA,NA,NA,NA,Male
Michigan,"1,209",53,113,139,211,288,162,151,115,NA,NA,NA,"White, Non-Hispanic",NA
Michigan,"1,112",43,98,119,200,265,159,146,103,NA,O,NA,NA,NA
Michigan,993,28,79,103,165,233,165,137,97,Private insurance,NA,NA,NA,NA
Michigan,869,40,65,84,166,209,120,115,85,NA,NA,50-64 Years,NA,NA
Michigan,702,35,58,69,145,162,100,64,81,NA,NA,NA,"Black, Non-Hispanic",NA
Michigan,663,21,54,66,108,169,106,75,74,NA,NA,65 +,NA,NA
Michigan,622,26,70,74,122,148,85,52,54,NA,A,NA,NA,NA
Michigan,458,25,51,54,84,102,58,44,47,NA,NA,35-49 Years,NA,NA
Michigan,452,19,40,50,95,137,48,34,31,Public insurance - Medicare & Choice,NA,NA,NA,NA
Michigan,393,3,42,44,64,95,52,51,42,Public insurance - Medicare FFS (Fee for Service),NA,NA,NA,NA
Michigan,348,25,20,24,51,90,50,45,49,NA,B,NA,NA,NA
Michigan,227,6,24,20,50,44,29,25,29,Public insurance - Medicaid,NA,NA,NA,NA
Michigan,137,7,21,18,27,33,18,12,4,NA,NA,18-34 Years,NA,NA
Michigan,103,3,6,10,13,31,13,21,6,NA,NA,NA,Hispanic/Latino,NA
Michigan,73,3,5,4,11,25,16,6,4,NA,NA,NA,"Asian, Non-Hispanic",NA
Michigan,57,1,6,7,12,12,8,6,5,NA,AB,NA,NA,NA
Michigan,43,38,1,0,0,0,0,0,4,Unknown,NA,NA,NA,NA
Michigan,28,1,6,6,9,3,4,0,3,Public insurance - Department of VA,NA,NA,NA,NA
Michigan,24,0,6,0,2,5,7,3,1,NA,NA,NA,"Multiracial, Non-Hispanic",NA
Michigan,18,0,0,1,3,4,3,4,3,NA,NA,NA,"American Indian/Alaska Native, Non-Hispanic",NA
Michigan,12,0,1,0,2,2,4,2,1,Public insurance - Other government,NA,NA,NA,NA
Michigan,7,0,0,0,0,0,0,0,7,Public insurance - Medicare Unspecified,NA,NA,NA,NA
Michigan,6,0,6,0,0,0,0,0,0,NA,NA,NA,Unknown,NA
Michigan,5,0,0,2,0,1,0,2,0,NA,NA,6-10 Years,NA,NA
Michigan,5,1,0,1,0,1,1,0,1,NA,NA,NA,"Pacific Islander, Non-Hispanic",NA
Michigan,4,0,1,1,0,1,0,0,1,Public insurance - CHIP (Children's Health Insurance Program),NA,NA,NA,NA
Michigan,4,1,2,0,0,1,0,0,0,NA,NA,1-5 Years,NA,NA
Michigan,3,1,1,0,0,0,0,1,1,NA,NA,11-17 Years,NA,NA
Michigan,1,0,0,0,0,1,0,0,0,Pending,NA,NA,NA,NA
Michigan,1,0,0,0,0,0,0,0,1,Self,NA,NA,NA,NA
Minnesota,596,18,37,54,88,142,84,88,96,NA,NA,NA,NA,Female
Minnesota,816,35,63,81,118,150,134,124,126,NA,NA,NA,NA,Male
Minnesota,842,34,60,89,124,170,138,114,132,NA,NA,NA,"White, Non-Hispanic",NA
Minnesota,741,26,50,61,106,158,113,126,112,NA,O,NA,NA,NA
Minnesota,681,19,35,64,97,136,117,101,118,Private insurance,NA,NA,NA,NA
Minnesota,555,24,38,65,69,115,91,71,91,NA,NA,50-64 Years,NA,NA
Minnesota,422,12,27,37,58,82,61,76,79,NA,NA,65 +,NA,NA
Minnesota,395,21,32,44,70,75,60,48,56,NA,A,NA,NA,NA
Minnesota,287,9,21,22,50,65,43,46,37,NA,NA,35-49 Years,NA,NA
Minnesota,246,10,12,23,34,48,32,41,51,Public insurance - Medicare FFS (Fee for Service),NA,NA,NA,NA
Minnesota,239,4,24,10,35,62,34,41,33,Public insurance - Medicaid,NA,NA,NA,NA
Minnesota,236,6,17,21,41,47,33,40,32,NA,NA,NA,"Black, Non-Hispanic",NA
Minnesota,224,2,12,23,21,49,39,32,50,NA,B,NA,NA,NA
Minnesota,188,4,14,15,21,43,29,28,36,NA,NA,NA,"Asian, Non-Hispanic",NA
Minnesota,178,4,24,22,28,36,29,16,19,Public insurance - Medicare & Choice,NA,NA,NA,NA
Minnesota,117,5,10,10,24,23,19,14,13,NA,NA,18-34 Years,NA,NA
Minnesota,104,6,8,4,12,22,14,25,16,NA,NA,NA,Hispanic/Latino,NA
Minnesota,52,4,6,7,9,10,6,6,4,NA,AB,NA,NA,NA
Minnesota,39,3,0,13,6,5,2,8,2,Public insurance - Other government,NA,NA,NA,NA
Minnesota,23,1,1,4,3,7,2,4,1,NA,NA,NA,"American Indian/Alaska Native, Non-Hispanic",NA
Minnesota,21,0,0,3,6,5,4,5,0,Public insurance - Department of VA,NA,NA,NA,NA
Minnesota,18,13,5,0,0,0,0,0,0,Unknown,NA,NA,NA,NA
Minnesota,16,2,0,1,4,1,2,1,5,NA,NA,NA,"Multiracial, Non-Hispanic",NA
Minnesota,14,2,2,0,1,1,2,5,1,NA,NA,11-17 Years,NA,NA
Minnesota,9,0,1,1,3,3,1,0,0,NA,NA,1-5 Years,NA,NA
Minnesota,8,1,1,0,1,3,1,0,1,NA,NA,6-10 Years,NA,NA
Minnesota,4,0,0,1,1,2,0,0,0,NA,NA,NA,"Pacific Islander, Non-Hispanic",NA
Mississippi,355,15,30,42,69,78,51,75,41,NA,NA,NA,NA,Female
Mississippi,459,23,41,57,79,99,73,99,32,NA,NA,NA,NA,Male
Mississippi,598,25,51,75,102,121,96,133,60,NA,NA,NA,"Black, Non-Hispanic",NA
Mississippi,410,19,27,44,68,104,71,93,35,NA,O,NA,NA,NA
Mississippi,387,20,25,42,72,89,64,79,34,NA,NA,50-64 Years,NA,NA
Mississippi,358,8,21,39,52,81,57,86,35,Public insurance - Medicare FFS (Fee for Service),NA,NA,NA,NA
Mississippi,265,9,21,34,50,50,38,58,23,Private insurance,NA,NA,NA,NA
Mississippi,215,6,21,32,46,37,31,47,24,NA,NA,35-49 Years,NA,NA
Mississippi,205,10,19,30,40,37,30,32,21,NA,A,NA,NA,NA
Mississippi,199,13,17,23,44,52,25,35,12,NA,NA,NA,"White, Non-Hispanic",NA
Mississippi,177,6,22,22,35,34,20,45,15,NA,B,NA,NA,NA
Mississippi,159,6,19,17,38,39,14,16,12,Public insurance - Medicare & Choice,NA,NA,NA,NA
Mississippi,153,9,15,17,20,36,22,39,10,NA,NA,65 +,NA,NA
Mississippi,59,0,3,6,10,10,12,12,6,Public insurance - Medicaid,NA,NA,NA,NA
Mississippi,53,2,9,7,7,15,7,9,5,NA,NA,18-34 Years,NA,NA
Mississippi,21,3,2,3,5,2,3,4,2,NA,AB,NA,NA,NA
Mississippi,18,13,4,1,0,0,0,0,0,Unknown,NA,NA,NA,NA
Mississippi,13,0,0,0,2,3,4,3,1,Public insurance - Other government,NA,NA,NA,NA
Mississippi,11,2,2,2,1,2,1,1,1,Public insurance - Department of VA,NA,NA,NA,NA
Mississippi,8,0,2,0,1,3,0,1,1,NA,NA,NA,Hispanic/Latino,NA
Mississippi,6,0,0,0,1,1,2,3,0,NA,NA,NA,"Asian, Non-Hispanic",NA
Mississippi,3,0,0,0,0,0,1,2,0,NA,NA,NA,"American Indian/Alaska Native, Non-Hispanic",NA
Mississippi,2,1,0,0,1,0,0,0,0,NA,NA,6-10 Years,NA,NA
Mississippi,2,0,0,1,1,0,0,0,0,NA,NA,11-17 Years,NA,NA
Mississippi,1,0,0,0,0,0,0,0,1,Public insurance - Medicare Unspecified,NA,NA,NA,NA
Mississippi,1,0,0,0,1,0,0,0,0,NA,NA,1-5 Years,NA,NA
Mississippi,1,0,0,0,0,0,0,1,0,NA,NA,NA,"Pacific Islander, Non-Hispanic",NA
Mississippi,1,0,0,1,0,0,0,0,0,NA,NA,NA,"Multiracial, Non-Hispanic",NA
Missouri,492,19,48,59,80,119,77,59,44,NA,NA,NA,NA,Female
Missouri,766,30,67,91,141,214,116,86,48,NA,NA,NA,NA,Male
Missouri,733,29,70,88,134,201,110,75,51,NA,NA,NA,"White, Non-Hispanic",NA
Missouri,675,30,55,80,113,172,108,92,45,NA,O,NA,NA,NA
Missouri,504,19,50,54,79,140,85,60,33,NA,NA,50-64 Years,NA,NA
Missouri,484,12,33,60,77,117,81,71,37,Private insurance,NA,NA,NA,NA
Missouri,459,12,36,44,80,139,80,49,28,Public insurance - Medicare FFS (Fee for Service),NA,NA,NA,NA
Missouri,419,17,37,48,70,99,73,50,36,NA,NA,NA,"Black, Non-Hispanic",NA
Missouri,412,14,30,44,79,114,61,48,35,NA,NA,65 +,NA,NA
Missouri,367,12,36,46,70,105,47,30,30,NA,A,NA,NA,NA
Missouri,220,10,20,29,39,56,31,26,15,NA,NA,35-49 Years,NA,NA
Missouri,196,6,19,21,37,53,35,21,15,NA,B,NA,NA,NA
Missouri,177,9,27,32,37,38,11,15,8,Public insurance - Medicare & Choice,NA,NA,NA,NA
Missouri,102,6,13,18,17,20,14,10,9,NA,NA,18-34 Years,NA,NA
Missouri,84,1,15,11,16,16,12,7,7,Public insurance - Medicaid,NA,NA,NA,NA
Missouri,51,2,4,7,12,12,4,10,1,NA,NA,NA,Hispanic/Latino,NA
Missouri,44,1,2,4,8,19,10,4,3,Public insurance - Department of VA,NA,NA,NA,NA
Missouri,40,1,3,3,4,14,6,8,3,NA,NA,NA,"Asian, Non-Hispanic",NA
Missouri,20,1,5,3,1,3,3,2,2,NA,AB,NA,NA,NA
Missouri,15,14,1,0,0,0,0,0,0,Unknown,NA,NA,NA,NA
Missouri,11,0,1,3,1,5,0,1,0,NA,NA,NA,"Multiracial, Non-Hispanic",NA
Missouri,10,0,2,2,4,2,0,0,0,NA,NA,1-5 Years,NA,NA
Missouri,9,0,0,0,0,0,0,0,9,Public insurance - Medicare Unspecified,NA,NA,NA,NA
Missouri,8,0,1,0,3,3,1,0,0,Public insurance - Other government,NA,NA,NA,NA
Missouri,6,0,0,2,2,1,1,0,0,NA,NA,11-17 Years,NA,NA
Missouri,6,0,0,1,1,2,0,1,1,NA,NA,NA,"American Indian/Alaska Native, Non-Hispanic",NA
Missouri,4,0,0,1,1,0,1,1,0,NA,NA,6-10 Years,NA,NA
Missouri,1,0,0,0,0,1,0,0,0,Self,NA,NA,NA,NA
Montana,51,1,0,8,17,14,8,4,2,NA,NA,NA,NA,Female
Montana,77,3,4,11,23,15,9,13,6,NA,NA,NA,NA,Male
Montana,108,3,2,17,34,24,14,15,7,NA,NA,NA,"White, Non-Hispanic",NA
Montana,64,2,3,9,16,18,8,11,4,NA,O,NA,NA,NA
Montana,53,2,1,10,15,11,7,9,2,NA,NA,50-64 Years,NA,NA
Montana,49,0,0,8,16,7,9,7,5,Private insurance,NA,NA,NA,NA
Montana,49,1,0,4,19,10,8,5,4,NA,A,NA,NA,NA
Montana,37,0,1,3,8,13,4,7,1,Public insurance - Medicare FFS (Fee for Service),NA,NA,NA,NA
Montana,35,0,1,4,7,14,6,5,1,NA,NA,65 +,NA,NA
Montana,23,0,0,5,9,5,2,1,1,Public insurance - Medicare & Choice,NA,NA,NA,NA
Montana,23,1,0,3,10,3,3,2,3,NA,NA,35-49 Years,NA,NA
Montana,15,1,1,2,7,1,1,1,2,NA,NA,18-34 Years,NA,NA
Montana,12,0,1,1,5,2,1,1,1,Public insurance - Medicaid,NA,NA,NA,NA
Montana,12,0,1,5,5,1,1,0,0,NA,B,NA,NA,NA
Montana,7,4,2,1,0,0,0,0,0,Unknown,NA,NA,NA,NA
Montana,6,0,0,0,2,3,1,1,0,Public insurance - Department of VA,NA,NA,NA,NA
Montana,6,0,0,0,1,3,2,0,0,NA,NA,NA,"Asian, Non-Hispanic",NA
Montana,6,0,2,0,3,0,0,1,1,NA,NA,NA,"American Indian/Alaska Native, Non-Hispanic",NA
Montana,4,0,0,1,1,2,1,0,0,NA,NA,NA,Hispanic/Latino,NA
Montana,3,1,0,1,0,0,0,1,0,NA,AB,NA,NA,NA
Montana,2,0,0,1,0,0,0,1,0,NA,NA,NA,"Multiracial, Non-Hispanic",NA
Montana,1,0,0,1,0,0,0,0,0,Public insurance - Other government,NA,NA,NA,NA
Montana,1,0,1,0,0,0,0,0,0,NA,NA,1-5 Years,NA,NA
Montana,1,0,0,0,1,0,0,0,0,NA,NA,11-17 Years,NA,NA
Montana,1,0,0,0,1,0,0,0,0,NA,NA,NA,"Black, Non-Hispanic",NA
Montana,1,1,0,0,0,0,0,0,0,NA,NA,NA,Unknown,NA
Nebraska,107,6,10,24,24,27,14,3,2,NA,NA,NA,NA,Female
Nebraska,154,20,15,21,38,38,20,6,5,NA,NA,NA,NA,Male
Nebraska,167,15,12,25,39,42,29,6,2,NA,NA,NA,"White, Non-Hispanic",NA
Nebraska,151,13,11,26,32,44,23,7,2,NA,O,NA,NA,NA
Nebraska,112,1,11,20,29,34,13,4,3,Private insurance,NA,NA,NA,NA
Nebraska,85,8,6,12,21,21,10,4,5,NA,NA,50-64 Years,NA,NA
Nebraska,75,8,5,9,18,19,18,3,1,NA,NA,65 +,NA,NA
Nebraska,70,7,7,12,21,16,6,2,3,NA,A,NA,NA,NA
Nebraska,68,3,5,15,16,16,9,3,4,Public insurance - Medicare FFS (Fee for Service),NA,NA,NA,NA
Nebraska,66,7,11,17,13,14,5,2,1,NA,NA,35-49 Years,NA,NA
Nebraska,37,5,7,7,7,5,5,0,2,NA,B,NA,NA,NA
Nebraska,37,3,4,7,8,14,0,1,1,NA,NA,NA,Hispanic/Latino,NA
Nebraska,33,5,7,8,6,4,3,0,3,NA,NA,NA,"Black, Non-Hispanic",NA
Nebraska,32,0,2,5,7,10,9,0,0,Public insurance - Medicare & Choice,NA,NA,NA,NA
Nebraska,30,3,2,4,9,11,1,0,0,NA,NA,18-34 Years,NA,NA
Nebraska,28,22,6,0,0,0,0,0,0,Unknown,NA,NA,NA,NA
Nebraska,15,0,1,5,6,3,0,0,0,Public insurance - Medicaid,NA,NA,NA,NA
Nebraska,12,1,0,4,5,0,1,1,0,NA,NA,NA,"Asian, Non-Hispanic",NA
Nebraska,9,1,2,0,1,3,0,1,1,NA,NA,NA,"Multiracial, Non-Hispanic",NA
Nebraska,8,0,0,0,3,3,3,1,0,Public insurance - Department of VA,NA,NA,NA,NA
Nebraska,6,1,0,1,2,1,1,0,0,NA,NA,NA,"American Indian/Alaska Native, Non-Hispanic",NA
Nebraska,3,0,0,0,1,1,0,1,0,Public insurance - Other government,NA,NA,NA,NA
Nebraska,3,1,0,0,2,0,0,0,0,NA,AB,NA,NA,NA
Nebraska,3,0,1,2,0,0,0,0,0,NA,NA,11-17 Years,NA,NA
Nebraska,2,0,0,1,1,0,0,0,0,NA,NA,6-10 Years,NA,NA
Nebraska,1,0,0,0,1,1,0,0,0,NA,NA,NA,"Pacific Islander, Non-Hispanic",NA
Nevada,198,15,21,20,30,49,24,23,23,NA,NA,NA,NA,Female
Nevada,352,25,33,48,68,84,44,36,43,NA,NA,NA,NA,Male
Nevada,287,16,20,32,57,72,41,31,42,NA,O,NA,NA,NA
Nevada,236,15,25,24,48,46,29,29,35,Private insurance,NA,NA,NA,NA
Nevada,199,16,18,26,40,39,21,20,34,NA,NA,50-64 Years,NA,NA
Nevada,195,10,21,24,37,38,24,26,30,NA,NA,NA,"White, Non-Hispanic",NA
Nevada,173,12,23,27,30,38,16,21,15,NA,A,NA,NA,NA
Nevada,150,15,18,24,24,37,21,10,11,NA,NA,35-49 Years,NA,NA
Nevada,145,11,12,14,29,35,22,20,10,NA,NA,NA,Hispanic/Latino,NA
Nevada,130,13,14,22,30,32,10,8,4,Public insurance - Medicare & Choice,NA,NA,NA,NA
Nevada,129,3,7,18,19,32,17,17,18,Public insurance - Medicare FFS (Fee for Service),NA,NA,NA,NA
Nevada,126,6,12,11,23,32,17,16,16,NA,NA,65 +,NA,NA
Nevada,101,8,8,12,17,32,8,5,13,NA,NA,NA,"Black, Non-Hispanic",NA
Nevada,79,10,11,8,8,20,10,6,9,NA,B,NA,NA,NA
Nevada,76,8,9,14,11,18,13,4,6,NA,NA,NA,"Asian, Non-Hispanic",NA
Nevada,69,3,5,6,11,22,9,12,5,NA,NA,18-34 Years,NA,NA
Nevada,56,6,3,4,3,20,11,4,5,Public insurance - Medicaid,NA,NA,NA,NA
Nevada,17,2,0,2,2,6,1,2,3,NA,NA,NA,"Pacific Islander, Non-Hispanic",NA
Nevada,13,1,4,1,1,2,0,1,3,NA,NA,NA,"Multiracial, Non-Hispanic",NA
Nevada,11,2,0,1,3,3,1,1,0,NA,AB,NA,NA,NA
Nevada,7,0,0,1,1,2,0,1,2,NA,NA,NA,"American Indian/Alaska Native, Non-Hispanic",NA
Nevada,6,1,1,0,1,0,0,0,3,Public insurance - Department of VA,NA,NA,NA,NA
Nevada,6,0,0,0,0,3,1,1,1,Public insurance - Other government,NA,NA,NA,NA
Nevada,6,2,4,0,0,0,0,0,0,Unknown,NA,NA,NA,NA
Nevada,3,0,0,1,0,2,0,0,0,NA,NA,11-17 Years,NA,NA
Nevada,2,0,1,0,0,0,0,1,0,NA,NA,1-5 Years,NA,NA
Nevada,1,0,0,0,0,1,0,0,0,NA,NA,6-10 Years,NA,NA
New Hampshire,144,0,11,12,30,35,26,21,15,NA,NA,NA,NA,Female
New Hampshire,247,8,17,27,35,58,39,42,29,NA,NA,NA,NA,Male
New Hampshire,342,7,26,33,59,82,58,54,34,NA,NA,NA,"White, Non-Hispanic",NA
New Hampshire,214,0,12,24,34,54,40,31,25,Private insurance,NA,NA,NA,NA
New Hampshire,184,4,10,16,34,39,31,32,24,NA,O,NA,NA,NA
New Hampshire,151,2,15,16,25,40,29,20,14,NA,NA,50-64 Years,NA,NA
New Hampshire,150,4,7,14,23,29,23,33,19,NA,NA,65 +,NA,NA
New Hampshire,143,4,13,19,18,33,27,22,12,NA,A,NA,NA,NA
New Hampshire,94,0,3,8,20,25,18,17,3,Public insurance - Medicare FFS (Fee for Service),NA,NA,NA,NA
New Hampshire,59,0,4,5,11,17,11,8,5,NA,NA,35-49 Years,NA,NA
New Hampshire,51,0,5,4,10,15,4,7,8,NA,B,NA,NA,NA
New Hampshire,39,0,0,4,5,6,4,8,12,Public insurance - Medicare & Choice,NA,NA,NA,NA
New Hampshire,27,2,2,4,3,6,2,2,6,NA,NA,18-34 Years,NA,NA
New Hampshire,22,0,0,2,4,7,2,5,2,Public insurance - Medicaid,NA,NA,NA,NA
New Hampshire,18,7,11,0,0,0,0,0,0,Unknown,NA,NA,NA,NA
New Hampshire,18,0,0,3,2,2,5,3,5,NA,NA,NA,"Black, Non-Hispanic",NA
New Hampshire,15,1,1,2,3,4,1,2,1,NA,NA,NA,Hispanic/Latino,NA
New Hampshire,14,0,1,1,1,5,1,4,2,NA,NA,NA,"Asian, Non-Hispanic",NA
New Hampshire,13,0,0,0,3,6,3,2,0,NA,AB,NA,NA,NA
New Hampshire,6,1,2,1,0,1,1,0,1,Public insurance - Department of VA,NA,NA,NA,NA
New Hampshire,4,0,0,0,1,0,0,2,1,Public insurance - Other government,NA,NA,NA,NA
New Hampshire,4,0,0,0,3,1,0,0,0,NA,NA,11-17 Years,NA,NA
New Hampshire,2,0,0,0,0,0,0,0,2,NA,NA,NA,"Multiracial, Non-Hispanic",NA
New Hampshire,1,0,0,0,1,0,0,0,0,Self,NA,NA,NA,NA
New Jersey,"1,043",38,87,101,158,252,176,174,107,NA,NA,NA,NA,Female
New Jersey,"1,836",76,128,173,278,469,311,335,192,NA,NA,NA,NA,Male
New Jersey,"1,516",61,110,134,206,378,257,298,174,NA,O,NA,NA,NA
New Jersey,"1,391",25,82,127,212,334,259,251,161,Private insurance,NA,NA,NA,NA
New Jersey,"1,263",46,83,125,188,330,223,215,135,NA,NA,50-64 Years,NA,NA
New Jersey,"1,027",39,64,86,135,261,179,200,126,NA,NA,NA,"Black, Non-Hispanic",NA
New Jersey,"1,017",37,68,101,178,243,173,166,100,NA,NA,NA,"White, Non-Hispanic",NA
New Jersey,763,27,52,79,135,200,133,101,66,NA,A,NA,NA,NA
New Jersey,757,33,58,63,110,168,117,164,79,NA,NA,65 +,NA,NA
New Jersey,745,23,47,74,110,181,112,138,74,Public insurance - Medicare FFS (Fee for Service),NA,NA,NA,NA
New Jersey,588,25,47,61,92,157,97,92,55,NA,NA,35-49 Years,NA,NA
New Jersey,521,22,46,51,86,122,85,93,54,NA,B,NA,NA,NA
New Jersey,491,24,50,54,72,127,65,81,46,NA,NA,NA,Hispanic/Latino,NA
New Jersey,384,14,26,31,56,115,66,53,31,Public insurance - Medicaid,NA,NA,NA,NA
New Jersey,365,21,35,38,52,78,49,64,32,Public insurance - Medicare & Choice,NA,NA,NA,NA
New Jersey,340,12,30,33,50,89,68,59,26,NA,NA,NA,"Asian, Non-Hispanic",NA
New Jersey,221,4,20,22,36,57,42,34,25,NA,NA,18-34 Years,NA,NA
New Jersey,79,4,7,10,9,21,12,17,5,NA,AB,NA,NA,NA
New Jersey,50,27,23,0,0,0,0,0,0,Unknown,NA,NA,NA,NA
New Jersey,37,5,7,2,8,6,5,2,4,NA,NA,11-17 Years,NA,NA
New Jersey,36,4,3,6,6,12,2,4,4,Public insurance - Department of VA,NA,NA,NA,NA
New Jersey,12,0,1,0,1,3,3,4,0,Public insurance - CHIP (Children's Health Insurance Program),NA,NA,NA,NA
New Jersey,9,1,1,1,2,1,1,2,1,NA,NA,NA,"Multiracial, Non-Hispanic",NA
New Jersey,8,0,0,1,2,1,2,1,1,NA,NA,6-10 Years,NA,NA
New Jersey,7,0,0,0,2,4,1,0,0,Public insurance - Other government,NA,NA,NA,NA
New Jersey,5,1,0,0,0,2,1,1,0,NA,NA,1-5 Years,NA,NA
New Jersey,3,1,2,0,0,0,0,0,0,NA,NA,NA,Unknown,NA
New Jersey,3,0,0,0,0,0,2,1,0,NA,NA,NA,"Pacific Islander, Non-Hispanic",NA
New Jersey,2,0,0,0,0,1,1,0,0,Pending,NA,NA,NA,NA
New Jersey,1,0,0,0,0,0,0,0,1,Free Care,NA,NA,NA,NA
New Mexico,198,12,8,18,24,46,31,33,34,NA,NA,NA,NA,Female
New Mexico,321,20,9,28,45,66,50,62,52,NA,NA,NA,NA,Male
New Mexico,338,15,11,29,45,73,54,63,62,NA,O,NA,NA,NA
New Mexico,263,12,5,26,30,56,43,53,47,NA,NA,NA,Hispanic/Latino,NA
New Mexico,234,14,5,24,38,52,34,39,35,Public insurance - Medicare FFS (Fee for Service),NA,NA,NA,NA
New Mexico,217,10,7,18,25,48,37,42,37,NA,NA,50-64 Years,NA,NA
New Mexico,171,11,2,13,24,36,24,35,31,NA,NA,65 +,NA,NA
New Mexico,150,5,7,10,10,31,27,33,30,Private insurance,NA,NA,NA,NA
New Mexico,140,13,6,14,18,32,19,22,18,NA,A,NA,NA,NA
New Mexico,123,12,6,12,22,36,13,15,12,NA,NA,NA,"White, Non-Hispanic",NA
New Mexico,106,4,4,4,11,16,23,22,22,NA,NA,NA,"American Indian/Alaska Native, Non-Hispanic",NA
New Mexico,100,7,5,12,16,24,16,13,13,NA,NA,35-49 Years,NA,NA
New Mexico,50,1,1,4,6,7,8,15,8,Public insurance - Medicaid,NA,NA,NA,NA
New Mexico,47,0,2,5,7,14,6,4,9,Public insurance - Medicare & Choice,NA,NA,NA,NA
New Mexico,36,3,0,3,4,6,6,10,6,NA,B,NA,NA,NA
New Mexico,24,2,3,3,3,3,2,4,5,NA,NA,18-34 Years,NA,NA
New Mexico,17,0,0,3,7,3,1,2,1,Public insurance - Other government,NA,NA,NA,NA
New Mexico,17,1,2,0,4,2,1,3,5,NA,NA,NA,"Black, Non-Hispanic",NA
New Mexico,16,1,0,0,1,5,5,2,3,Public insurance - Department of VA,NA,NA,NA,NA
New Mexico,13,11,2,0,0,0,0,0,0,Unknown,NA,NA,NA,NA
New Mexico,8,0,0,2,1,3,1,2,0,NA,NA,NA,"Asian, Non-Hispanic",NA
New Mexico,5,1,0,0,2,1,2,0,0,NA,AB,NA,NA,NA
New Mexico,4,1,0,0,1,1,1,0,0,NA,NA,11-17 Years,NA,NA
New Mexico,4,1,0,2,1,0,0,0,0,NA,NA,NA,"Multiracial, Non-Hispanic",NA
New Mexico,2,1,0,0,0,0,1,0,0,NA,NA,1-5 Years,NA,NA
New Mexico,2,2,0,0,0,0,0,0,0,NA,NA,NA,Unknown,NA
New Mexico,1,0,0,0,0,0,0,1,0,NA,NA,6-10 Years,NA,NA
New York,"2,626",96,192,232,383,600,388,419,387,NA,NA,NA,NA,Female
New York,"4,139",187,306,337,608,991,595,694,557,NA,NA,NA,NA,Male
New York,"3,503",133,259,268,482,788,521,648,527,NA,O,NA,NA,NA
New York,"2,766",113,217,228,380,659,397,477,377,NA,NA,50-64 Years,NA,NA
New York,"2,369",98,157,190,340,551,346,390,373,NA,NA,NA,"Black, Non-Hispanic",NA
New York,"2,226",52,98,188,354,476,365,398,362,Private insurance,NA,NA,NA,NA
New York,"2,057",95,170,209,325,451,317,326,245,NA,NA,NA,"White, Non-Hispanic",NA
New York,"1,942",74,129,140,263,438,286,333,333,NA,NA,65 +,NA,NA
New York,"1,826",33,95,159,268,495,250,298,235,Public insurance - Medicaid,NA,NA,NA,NA
New York,"1,801",85,136,170,277,439,255,262,225,NA,A,NA,NA,NA
New York,"1,423",56,91,101,206,341,195,251,202,NA,NA,NA,Hispanic/Latino,NA
New York,"1,360",35,69,98,200,360,172,229,226,Public insurance - Medicare FFS (Fee for Service),NA,NA,NA,NA
New York,"1,356",68,92,120,221,334,206,214,151,NA,NA,35-49 Years,NA,NA
New York,"1,247",48,85,106,197,315,186,174,171,NA,B,NA,NA,NA
New York,939,17,34,95,129,209,174,174,114,Public insurance - Medicare & Choice,NA,NA,NA,NA
New York,859,25,66,66,106,237,122,135,118,NA,NA,NA,"Asian, Non-Hispanic",NA
New York,578,18,45,73,103,135,79,74,72,NA,NA,18-34 Years,NA,NA
New York,327,142,180,1,1,1,1,1,0,Unknown,NA,NA,NA,NA
New York,214,17,18,25,35,49,21,29,21,NA,AB,NA,NA,NA
New York,161,1,21,22,36,48,18,7,8,Public insurance - Other government,NA,NA,NA,NA
New York,74,6,7,7,12,15,9,10,8,NA,NA,11-17 Years,NA,NA
New York,42,2,3,2,10,10,4,7,5,NA,NA,NA,"Multiracial, Non-Hispanic",NA
New York,37,3,1,6,3,5,10,7,6,Public insurance - Department of VA,NA,NA,NA,NA
New York,27,2,5,1,8,7,3,1,0,NA,NA,1-5 Years,NA,NA
New York,21,1,3,0,4,3,3,4,3,NA,NA,6-10 Years,NA,NA
New York,14,0,3,1,2,1,1,4,2,NA,NA,NA,"American Indian/Alaska Native, Non-Hispanic",NA
New York,13,6,7,0,0,0,0,0,0,NA,NA,NA,Unknown,NA
New York,5,1,1,0,3,0,0,0,0,NA,NA,NA,"Pacific Islander, Non-Hispanic",NA
New York,4,0,0,0,1,2,1,1,0,Pending,NA,NA,NA,NA
New York,3,0,1,0,1,0,0,1,0,Foreign Government Specify,NA,NA,NA,NA
New York,3,0,0,0,0,1,0,2,0,Self,NA,NA,NA,NA
New York,1,1,0,0,0,0,0,0,0,NA,NA,< 1 Year,NA,NA
North Carolina,"1,255",63,84,117,231,347,176,201,122,NA,NA,NA,NA,Female
North Carolina,"1,893",82,168,215,305,509,319,299,171,NA,NA,NA,NA,Male
North Carolina,"1,751",72,127,176,298,485,303,309,155,NA,O,NA,NA,NA
North Carolina,"1,696",71,138,177,319,457,270,282,146,NA,NA,NA,"Black, Non-Hispanic",NA
North Carolina,"1,384",57,75,122,210,367,244,247,147,Private insurance,NA,NA,NA,NA
North Carolina,"1,373",64,103,142,239,369,217,237,135,NA,NA,50-64 Years,NA,NA
North Carolina,"1,064",33,67,109,167,290,165,188,99,Public insurance - Medicare FFS (Fee for Service),NA,NA,NA,NA
North Carolina,"1,064",49,76,115,156,291,166,162,109,NA,NA,NA,"White, Non-Hispanic",NA
North Carolina,809,39,67,96,151,223,104,101,67,NA,A,NA,NA,NA
North Carolina,755,18,51,71,109,206,128,121,85,NA,NA,65 +,NA,NA
North Carolina,721,43,59,82,130,197,111,110,57,NA,NA,35-49 Years,NA,NA
North Carolina,528,31,52,55,75,133,79,82,69,NA,B,NA,NA,NA
North Carolina,365,11,41,50,85,108,38,21,16,Public insurance - Medicare & Choice,NA,NA,NA,NA
North Carolina,256,15,32,29,48,79,36,29,14,NA,NA,18-34 Years,NA,NA
North Carolina,226,8,18,19,43,62,32,28,17,Public insurance - Medicaid,NA,NA,NA,NA
North Carolina,196,13,16,23,30,46,30,21,21,NA,NA,NA,Hispanic/Latino,NA
North Carolina,124,10,16,25,19,30,12,16,11,Public insurance - Department of VA,NA,NA,NA,NA
North Carolina,101,8,8,5,15,32,17,17,9,NA,NA,NA,"Asian, Non-Hispanic",NA
North Carolina,69,2,7,8,11,14,10,14,6,NA,NA,NA,"Multiracial, Non-Hispanic",NA
North Carolina,61,25,35,1,0,0,0,0,0,Unknown,NA,NA,NA,NA
North Carolina,60,3,6,5,12,15,9,8,2,NA,AB,NA,NA,NA
North Carolina,43,1,1,5,16,7,7,1,6,Public insurance - Other government,NA,NA,NA,NA
North Carolina,36,2,5,4,6,13,3,4,2,NA,NA,NA,"American Indian/Alaska Native, Non-Hispanic",NA
North Carolina,23,4,2,4,4,4,2,2,1,NA,NA,11-17 Years,NA,NA
North Carolina,10,0,2,4,3,1,0,0,0,NA,NA,1-5 Years,NA,NA
North Carolina,10,1,3,0,3,0,1,1,1,NA,NA,6-10 Years,NA,NA
North Carolina,6,0,0,0,0,5,0,1,0,NA,NA,NA,"Pacific Islander, Non-Hispanic",NA
North Carolina,2,0,0,0,0,0,1,0,1,Pending,NA,NA,NA,NA
North Carolina,2,0,2,0,0,0,0,0,0,NA,NA,NA,Unknown,NA
North Carolina,1,0,0,0,0,0,0,1,0,Free Care,NA,NA,NA,NA
North Carolina,1,0,0,0,0,0,0,0,1,Public insurance - Medicare Unspecified,NA,NA,NA,NA
North Carolina,1,0,0,1,0,0,0,0,0,Self,NA,NA,NA,NA
North Dakota,54,3,4,3,9,11,10,8,7,NA,NA,NA,NA,Female
North Dakota,69,6,8,10,11,14,10,5,9,NA,NA,NA,NA,Male
North Dakota,90,7,7,8,13,20,14,12,13,NA,NA,NA,"White, Non-Hispanic",NA
North Dakota,60,3,6,9,11,12,7,5,9,NA,O,NA,NA,NA
North Dakota,55,2,5,3,9,13,10,4,11,Private insurance,NA,NA,NA,NA
North Dakota,51,5,4,3,9,10,11,5,7,NA,A,NA,NA,NA
North Dakota,47,4,2,7,7,11,10,4,4,NA,NA,50-64 Years,NA,NA
North Dakota,41,3,3,3,3,8,7,7,8,NA,NA,65 +,NA,NA
North Dakota,27,0,5,5,5,4,2,2,4,Public insurance - Medicare FFS (Fee for Service),NA,NA,NA,NA
North Dakota,21,1,0,1,3,5,5,5,1,Public insurance - Medicare & Choice,NA,NA,NA,NA
North Dakota,19,1,2,2,5,5,3,1,2,NA,NA,35-49 Years,NA,NA
North Dakota,18,2,3,1,6,3,2,1,1,NA,NA,NA,"American Indian/Alaska Native, Non-Hispanic",NA
North Dakota,13,1,3,1,4,1,0,1,2,NA,NA,18-34 Years,NA,NA
North Dakota,9,0,0,1,3,3,1,1,0,Public insurance - Medicaid,NA,NA,NA,NA
North Dakota,9,1,1,1,0,3,1,2,0,NA,B,NA,NA,NA
North Dakota,8,6,2,0,0,0,0,0,0,Unknown,NA,NA,NA,NA
North Dakota,7,0,1,0,1,1,2,0,2,NA,NA,NA,"Black, Non-Hispanic",NA
North Dakota,4,0,0,1,0,0,2,1,0,Public insurance - Department of VA,NA,NA,NA,NA
North Dakota,4,0,0,3,0,0,1,0,0,NA,NA,NA,Hispanic/Latino,NA
North Dakota,3,0,1,0,0,0,1,1,0,NA,AB,NA,NA,NA
North Dakota,3,0,2,0,1,0,0,0,0,NA,NA,11-17 Years,NA,NA
North Dakota,3,0,1,1,0,0,1,0,0,NA,NA,NA,"Asian, Non-Hispanic",NA
North Dakota,2,0,0,2,0,0,0,0,0,Public insurance - Other government,NA,NA,NA,NA
North Dakota,1,0,0,0,0,1,0,0,0,NA,NA,NA,"Pacific Islander, Non-Hispanic",NA
Ohio,678,38,78,70,113,140,103,82,74,NA,NA,NA,NA,Female
Ohio,"1,126",61,87,136,196,266,180,144,93,NA,NA,NA,NA,Male
Ohio,"1,038",67,102,116,193,232,151,127,78,NA,NA,NA,"White, Non-Hispanic",NA
Ohio,917,43,77,107,153,214,163,127,63,NA,O,NA,NA,NA
Ohio,721,39,60,79,125,161,107,105,72,NA,NA,50-64 Years,NA,NA
Ohio,691,21,43,89,137,159,104,82,70,Private insurance,NA,NA,NA,NA
Ohio,653,24,49,71,95,152,113,87,84,NA,NA,NA,"Black, Non-Hispanic",NA
Ohio,541,38,56,60,92,134,63,53,59,NA,A,NA,NA,NA
Ohio,491,10,32,50,71,125,86,64,60,Public insurance - Medicare FFS (Fee for Service),NA,NA,NA,NA
Ohio,490,33,43,46,75,112,75,59,58,NA,NA,65 +,NA,NA
Ohio,408,17,34,54,69,92,81,46,30,NA,NA,35-49 Years,NA,NA
Ohio,303,14,27,35,54,52,51,45,36,NA,B,NA,NA,NA
Ohio,248,6,16,23,44,57,50,35,19,Public insurance - Medicaid,NA,NA,NA,NA
Ohio,244,8,28,35,46,49,36,33,13,Public insurance - Medicare & Choice,NA,NA,NA,NA
Ohio,157,5,23,23,33,39,18,14,5,NA,NA,18-34 Years,NA,NA
Ohio,87,53,33,1,0,0,0,0,0,Unknown,NA,NA,NA,NA
Ohio,57,2,11,8,13,13,7,6,2,Public insurance - Department of VA,NA,NA,NA,NA
Ohio,52,4,7,9,9,9,10,5,2,NA,NA,NA,"Asian, Non-Hispanic",NA
Ohio,50,2,5,5,10,12,8,5,3,NA,NA,NA,Hispanic/Latino,NA
Ohio,43,4,5,4,10,6,6,1,9,NA,AB,NA,NA,NA
Ohio,16,1,4,4,3,1,1,1,1,NA,NA,11-17 Years,NA,NA
Ohio,8,0,1,5,1,1,0,0,0,NA,NA,NA,"Multiracial, Non-Hispanic",NA
Ohio,7,0,1,1,0,3,0,2,0,Public insurance - Other government,NA,NA,NA,NA
Ohio,7,2,0,0,3,0,1,1,1,NA,NA,6-10 Years,NA,NA
Ohio,5,0,0,0,0,4,1,0,0,Pending,NA,NA,NA,NA
Ohio,5,0,0,0,0,0,0,5,0,Self,NA,NA,NA,NA
Ohio,5,2,1,0,1,1,0,0,0,NA,NA,1-5 Years,NA,NA
Ohio,4,0,0,0,0,0,0,0,4,Public insurance - Medicare Unspecified,NA,NA,NA,NA
Ohio,3,1,0,0,0,0,1,1,0,NA,NA,NA,"American Indian/Alaska Native, Non-Hispanic",NA
Ohio,2,1,1,0,0,0,0,0,0,NA,NA,NA,Unknown,NA
Ohio,2,0,0,0,1,0,0,1,0,NA,NA,NA,"Pacific Islander, Non-Hispanic",NA
Ohio,1,0,1,0,0,0,0,0,0,Public insurance - CHIP (Children's Health Insurance Program),NA,NA,NA,NA
Oklahoma,216,10,17,25,45,43,39,32,11,NA,NA,NA,NA,Female
Oklahoma,381,23,31,43,78,100,65,40,16,NA,NA,NA,NA,Male
Oklahoma,341,16,24,39,64,82,70,48,15,NA,O,NA,NA,NA
Oklahoma,304,19,25,35,63,77,55,35,11,NA,NA,NA,"White, Non-Hispanic",NA
Oklahoma,280,18,28,22,59,62,51,35,14,Private insurance,NA,NA,NA,NA
Oklahoma,247,12,23,39,47,61,40,28,10,NA,NA,50-64 Years,NA,NA
Oklahoma,188,14,15,21,46,47,25,15,7,NA,A,NA,NA,NA
Oklahoma,164,6,11,24,34,45,31,14,0,Public insurance - Medicare & Choice,NA,NA,NA,NA
Oklahoma,150,8,7,13,33,37,28,21,7,NA,NA,65 +,NA,NA
Oklahoma,129,8,10,7,30,29,22,15,10,NA,NA,35-49 Years,NA,NA
Oklahoma,113,5,6,15,22,25,16,18,9,NA,NA,NA,"Black, Non-Hispanic",NA
Oklahoma,96,6,5,10,16,19,10,18,12,Public insurance - Medicare FFS (Fee for Service),NA,NA,NA,NA
Oklahoma,68,2,5,6,15,19,12,6,3,NA,NA,NA,"American Indian/Alaska Native, Non-Hispanic",NA
Oklahoma,65,3,9,7,13,13,8,9,5,NA,B,NA,NA,NA
Oklahoma,65,5,6,6,15,11,13,8,3,NA,NA,NA,Hispanic/Latino,NA
Oklahoma,63,3,6,9,13,15,11,8,0,NA,NA,18-34 Years,NA,NA
Oklahoma,43,1,3,8,10,11,8,2,0,Public insurance - Medicaid,NA,NA,NA,NA
Oklahoma,27,1,4,3,6,8,2,2,1,NA,NA,NA,"Asian, Non-Hispanic",NA
Oklahoma,18,1,2,3,2,1,7,2,0,NA,NA,NA,"Multiracial, Non-Hispanic",NA
Oklahoma,17,1,1,4,3,6,2,3,1,Public insurance - Department of VA,NA,NA,NA,NA
Oklahoma,6,2,1,0,0,1,2,0,0,NA,NA,1-5 Years,NA,NA
Oklahoma,4,0,0,0,1,2,0,1,0,NA,NA,NA,"Pacific Islander, Non-Hispanic",NA
Oklahoma,3,0,0,0,1,0,2,0,0,Public insurance - Other government,NA,NA,NA,NA
Oklahoma,3,0,0,1,0,1,1,0,0,NA,AB,NA,NA,NA
Oklahoma,2,2,0,0,0,0,0,0,0,Unknown,NA,NA,NA,NA
Oklahoma,2,0,1,0,0,0,1,0,0,NA,NA,11-17 Years,NA,NA
Oregon,150,0,9,21,25,36,35,18,7,NA,NA,NA,NA,Female
Oregon,238,3,13,29,53,55,41,39,9,NA,NA,NA,NA,Male
Oregon,247,3,11,29,48,55,52,41,10,NA,NA,NA,"White, Non-Hispanic",NA
Oregon,215,0,12,29,41,48,40,40,8,NA,O,NA,NA,NA
Oregon,184,0,5,26,34,48,30,30,12,Private insurance,NA,NA,NA,NA
Oregon,148,1,10,23,25,32,34,21,5,NA,NA,50-64 Years,NA,NA
Oregon,124,3,5,13,26,31,28,13,6,NA,A,NA,NA,NA
Oregon,113,1,4,7,24,27,22,24,6,NA,NA,65 +,NA,NA
Oregon,99,0,6,10,20,23,26,13,1,Public insurance - Medicare & Choice,NA,NA,NA,NA
Oregon,80,1,5,12,19,19,14,6,4,NA,NA,35-49 Years,NA,NA
Oregon,76,0,7,9,12,24,9,11,4,NA,NA,NA,Hispanic/Latino,NA
Oregon,47,0,3,8,16,6,5,8,3,Public insurance - Medicare FFS (Fee for Service),NA,NA,NA,NA
Oregon,43,0,5,7,10,11,7,2,2,NA,B,NA,NA,NA
Oregon,38,0,2,7,10,10,4,4,1,NA,NA,18-34 Years,NA,NA
Oregon,36,0,4,5,6,9,8,4,0,Public insurance - Medicaid,NA,NA,NA,NA
Oregon,28,0,1,6,8,4,7,4,0,NA,NA,NA,"Asian, Non-Hispanic",NA
Oregon,19,1,2,0,2,5,7,2,0,Public insurance - Department of VA,NA,NA,NA,NA
Oregon,16,0,2,3,6,3,1,1,1,NA,NA,NA,"Black, Non-Hispanic",NA
Oregon,10,0,0,1,0,4,4,0,1,NA,NA,NA,"Pacific Islander, Non-Hispanic",NA
Oregon,8,0,0,2,4,0,2,0,0,NA,NA,NA,"Multiracial, Non-Hispanic",NA
Oregon,6,0,0,1,1,1,1,2,0,NA,AB,NA,NA,NA
Oregon,5,0,1,0,0,1,1,2,0,NA,NA,11-17 Years,NA,NA
Oregon,4,2,2,0,0,0,0,0,0,Unknown,NA,NA,NA,NA
Oregon,3,0,1,0,0,1,1,0,0,NA,NA,NA,"American Indian/Alaska Native, Non-Hispanic",NA
Oregon,2,0,0,1,0,1,0,0,0,NA,NA,1-5 Years,NA,NA
Oregon,2,0,0,0,0,1,1,0,0,NA,NA,6-10 Years,NA,NA
Oregon,1,0,0,1,0,0,0,0,0,Self,NA,NA,NA,NA
Pennsylvania,"1,624",59,94,144,232,352,254,323,231,NA,NA,NA,NA,Female
Pennsylvania,"2,734",105,158,287,435,640,437,463,333,NA,NA,NA,NA,Male
Pennsylvania,"2,154",88,155,227,346,510,335,374,219,NA,NA,NA,"White, Non-Hispanic",NA
Pennsylvania,"2,085",81,116,211,311,458,351,398,263,NA,O,NA,NA,NA
Pennsylvania,"1,797",60,110,191,275,419,276,317,236,NA,NA,50-64 Years,NA,NA
Pennsylvania,"1,669",30,89,143,248,351,261,347,237,Private insurance,NA,NA,NA,NA
Pennsylvania,"1,631",50,64,149,225,359,255,305,280,NA,NA,NA,"Black, Non-Hispanic",NA
Pennsylvania,"1,344",50,61,105,191,286,210,277,217,NA,NA,65 +,NA,NA
Pennsylvania,"1,334",57,98,125,206,334,201,211,147,NA,A,NA,NA,NA
Pennsylvania,922,28,47,93,160,211,158,142,88,Public insurance - Medicare & Choice,NA,NA,NA,NA
Pennsylvania,880,37,56,89,151,200,151,148,86,NA,NA,35-49 Years,NA,NA
Pennsylvania,798,27,39,98,123,160,108,151,112,Public insurance - Medicare FFS (Fee for Service),NA,NA,NA,NA
Pennsylvania,783,21,27,82,121,160,121,155,134,NA,B,NA,NA,NA
Pennsylvania,736,17,37,74,115,146,116,131,118,Public insurance - Medicaid,NA,NA,NA,NA
Pennsylvania,348,18,19,37,56,69,67,65,34,NA,NA,NA,Hispanic/Latino,NA
Pennsylvania,297,15,23,38,46,72,51,41,21,NA,NA,18-34 Years,NA,NA
Pennsylvania,198,6,13,16,34,47,29,38,26,NA,NA,NA,"Asian, Non-Hispanic",NA
Pennsylvania,155,5,11,13,29,39,18,22,20,NA,AB,NA,NA,NA
Pennsylvania,120,0,0,0,0,85,35,0,0,Pending,NA,NA,NA,NA
Pennsylvania,112,5,9,21,18,39,13,14,7,Public insurance - Department of VA,NA,NA,NA,NA
Pennsylvania,91,58,30,2,1,0,0,0,0,Unknown,NA,NA,NA,NA
Pennsylvania,23,2,1,1,4,3,4,4,4,NA,NA,NA,"Multiracial, Non-Hispanic",NA
Pennsylvania,22,0,1,5,3,9,1,2,2,NA,NA,11-17 Years,NA,NA
Pennsylvania,10,0,2,1,1,1,1,0,4,Public insurance - Other government,NA,NA,NA,NA
Pennsylvania,9,0,0,0,3,3,0,2,1,Self,NA,NA,NA,NA
Pennsylvania,9,1,1,2,1,1,2,1,0,NA,NA,1-5 Years,NA,NA
Pennsylvania,8,1,0,1,0,4,0,0,2,NA,NA,6-10 Years,NA,NA
Pennsylvania,6,0,0,0,1,3,1,0,1,NA,NA,NA,"American Indian/Alaska Native, Non-Hispanic",NA
Pennsylvania,2,0,0,1,1,0,0,0,0,NA,NA,NA,"Pacific Islander, Non-Hispanic",NA
Pennsylvania,1,0,0,0,0,0,0,0,1,Public insurance - Medicare Unspecified,NA,NA,NA,NA
Puerto Rico,152,6,20,18,30,35,26,20,18,NA,NA,NA,NA,Female
Puerto Rico,288,13,44,33,58,77,36,45,18,NA,NA,NA,NA,Male
Puerto Rico,429,17,63,51,83,109,60,64,36,NA,NA,NA,Hispanic/Latino,NA
Puerto Rico,244,12,33,26,57,61,35,36,21,NA,O,NA,NA,NA
Puerto Rico,218,6,32,26,41,55,28,38,23,NA,NA,50-64 Years,NA,NA
Puerto Rico,215,6,37,35,63,50,19,16,3,Public insurance - Medicare & Choice,NA,NA,NA,NA
Puerto Rico,150,5,18,19,28,41,21,25,11,NA,A,NA,NA,NA
Puerto Rico,99,4,18,13,20,24,18,10,8,NA,NA,35-49 Years,NA,NA
Puerto Rico,97,9,10,10,22,25,11,17,4,NA,NA,65 +,NA,NA
Puerto Rico,94,0,5,9,10,27,21,14,14,Private insurance,NA,NA,NA,NA
Puerto Rico,91,1,5,6,7,23,15,30,12,Public insurance - Medicare FFS (Fee for Service),NA,NA,NA,NA
Puerto Rico,50,2,7,1,7,14,10,4,5,Public insurance - Other government,NA,NA,NA,NA
Puerto Rico,35,2,11,5,3,9,3,2,4,NA,B,NA,NA,NA
Puerto Rico,24,0,4,2,5,8,5,0,1,NA,NA,18-34 Years,NA,NA
Puerto Rico,17,8,9,0,0,0,0,0,0,Unknown,NA,NA,NA,NA
Puerto Rico,11,0,1,0,3,4,2,1,0,NA,NA,NA,"Black, Non-Hispanic",NA
Puerto Rico,9,0,2,1,0,1,3,2,0,NA,AB,NA,NA,NA
Puerto Rico,8,2,2,0,2,0,0,2,2,Public insurance - Department of VA,NA,NA,NA,NA
Puerto Rico,5,2,1,0,2,0,0,0,0,NA,NA,NA,"White, Non-Hispanic",NA
Rhode Island,142,2,9,16,20,24,28,31,15,NA,NA,NA,NA,Female
Rhode Island,222,10,13,15,33,41,46,42,26,NA,NA,NA,NA,Male
Rhode Island,208,8,14,16,33,40,36,41,24,NA,NA,NA,"White, Non-Hispanic",NA
Rhode Island,196,1,4,15,34,39,51,33,20,Private insurance,NA,NA,NA,NA
Rhode Island,174,4,7,17,24,29,40,33,23,NA,O,NA,NA,NA
Rhode Island,148,5,11,14,27,22,28,30,14,NA,NA,50-64 Years,NA,NA
Rhode Island,115,4,9,9,17,23,21,24,10,NA,A,NA,NA,NA
Rhode Island,103,5,4,5,12,22,19,25,14,NA,NA,65 +,NA,NA
Rhode Island,77,2,6,5,10,12,19,12,11,NA,NA,35-49 Years,NA,NA
Rhode Island,68,3,2,5,7,12,21,15,6,NA,NA,NA,Hispanic/Latino,NA
Rhode Island,65,1,5,7,11,7,14,12,8,NA,NA,NA,"Black, Non-Hispanic",NA
Rhode Island,57,2,4,5,8,8,11,14,7,NA,B,NA,NA,NA
Rhode Island,53,1,3,5,10,10,12,10,2,Public insurance - Medicare FFS (Fee for Service),NA,NA,NA,NA
Rhode Island,40,1,1,1,2,5,5,16,9,Public insurance - Medicare & Choice,NA,NA,NA,NA
Rhode Island,38,0,0,9,7,9,2,6,5,Public insurance - Medicaid,NA,NA,NA,NA
Rhode Island,34,0,1,7,3,9,7,6,2,NA,NA,18-34 Years,NA,NA
Rhode Island,23,9,14,0,0,0,0,0,0,Unknown,NA,NA,NA,NA
Rhode Island,19,0,0,3,2,6,3,2,3,NA,NA,NA,"Asian, Non-Hispanic",NA
Rhode Island,18,2,2,0,4,5,2,2,1,NA,AB,NA,NA,NA
Rhode Island,13,0,0,0,0,0,2,6,5,Public insurance - Other government,NA,NA,NA,NA
Rhode Island,6,0,0,1,0,3,2,1,0,Public insurance - Department of VA,NA,NA,NA,NA
Rhode Island,2,0,0,0,1,0,1,0,0,NA,NA,11-17 Years,NA,NA
Rhode Island,2,0,0,0,0,1,0,1,0,NA,NA,NA,"American Indian/Alaska Native, Non-Hispanic",NA
Rhode Island,1,0,0,0,0,0,0,1,0,Pending,NA,NA,NA,NA
Rhode Island,1,0,1,0,0,0,0,0,0,NA,NA,NA,Unknown,NA
Rhode Island,1,0,0,0,0,0,0,1,0,NA,NA,NA,"Pacific Islander, Non-Hispanic",NA
Rhode Island,1,0,0,0,0,0,0,1,0,NA,NA,NA,"Multiracial, Non-Hispanic",NA
South Carolina,618,30,38,84,145,177,102,88,53,NA,NA,NA,NA,Female
South Carolina,957,49,88,144,174,282,167,132,84,NA,NA,NA,NA,Male
South Carolina,994,39,82,136,197,293,194,142,85,NA,NA,NA,"Black, Non-Hispanic",NA
South Carolina,807,44,68,105,169,225,139,125,71,NA,O,NA,NA,NA
South Carolina,651,30,48,93,129,186,125,103,49,NA,NA,50-64 Years,NA,NA
South Carolina,566,18,28,77,106,153,104,86,55,Private insurance,NA,NA,NA,NA
South Carolina,515,21,53,74,127,154,84,22,13,Public insurance - Medicare & Choice,NA,NA,NA,NA
South Carolina,485,31,33,78,103,139,69,66,39,NA,NA,NA,"White, Non-Hispanic",NA
South Carolina,472,24,32,60,68,122,69,99,51,Public insurance - Medicare FFS (Fee for Service),NA,NA,NA,NA
South Carolina,445,16,33,61,87,126,71,64,44,NA,NA,65 +,NA,NA
South Carolina,379,22,32,67,74,110,46,41,28,NA,A,NA,NA,NA
South Carolina,364,22,31,53,78,108,57,48,35,NA,NA,35-49 Years,NA,NA
South Carolina,353,9,22,51,73,111,82,54,33,NA,B,NA,NA,NA
South Carolina,104,8,12,18,25,36,16,5,9,NA,NA,18-34 Years,NA,NA
South Carolina,87,6,5,7,10,32,9,12,9,Public insurance - Medicaid,NA,NA,NA,NA
South Carolina,62,5,8,9,16,20,3,3,6,NA,NA,NA,Hispanic/Latino,NA
South Carolina,44,4,4,9,8,9,8,2,5,Public insurance - Department of VA,NA,NA,NA,NA
South Carolina,36,4,4,5,3,13,2,0,5,NA,AB,NA,NA,NA
South Carolina,27,2,1,3,4,6,3,7,4,NA,NA,NA,"Asian, Non-Hispanic",NA
South Carolina,22,0,3,4,6,6,0,1,5,Public insurance - Other government,NA,NA,NA,NA
South Carolina,10,6,2,1,0,0,0,1,0,Unknown,NA,NA,NA,NA
South Carolina,7,2,1,1,0,3,0,0,0,NA,NA,11-17 Years,NA,NA
South Carolina,6,1,1,1,0,0,0,1,2,NA,NA,NA,"Multiracial, Non-Hispanic",NA
South Carolina,3,0,0,0,0,0,3,0,0,Self,NA,NA,NA,NA
South Carolina,3,1,0,1,0,0,0,0,1,NA,NA,NA,"American Indian/Alaska Native, Non-Hispanic",NA
South Carolina,2,0,1,1,0,0,0,0,0,NA,NA,1-5 Years,NA,NA
South Carolina,2,1,0,1,0,0,0,0,0,NA,NA,6-10 Years,NA,NA
South Carolina,2,0,0,0,0,1,0,1,0,NA,NA,NA,"Pacific Islander, Non-Hispanic",NA
South Carolina,1,0,1,0,0,0,0,0,0,NA,NA,NA,Unknown,NA
South Dakota,115,8,10,4,13,27,23,16,17,NA,NA,NA,NA,Female
South Dakota,157,8,11,19,24,34,25,24,16,NA,NA,NA,NA,Male
South Dakota,151,8,14,13,19,29,26,23,24,NA,O,NA,NA,NA
South Dakota,148,10,11,10,23,31,25,19,22,NA,NA,NA,"White, Non-Hispanic",NA
South Dakota,120,12,5,12,16,25,26,20,9,NA,NA,50-64 Years,NA,NA
South Dakota,119,5,8,8,18,28,22,17,15,Private insurance,NA,NA,NA,NA
South Dakota,106,1,8,13,8,22,21,16,17,Public insurance - Medicare FFS (Fee for Service),NA,NA,NA,NA
South Dakota,89,4,5,8,13,24,18,14,4,NA,A,NA,NA,NA
South Dakota,82,5,4,7,9,18,18,15,8,NA,NA,NA,"American Indian/Alaska Native, Non-Hispanic",NA
South Dakota,70,1,5,6,6,18,10,6,18,NA,NA,65 +,NA,NA
South Dakota,62,2,5,5,10,16,8,11,5,NA,NA,35-49 Years,NA,NA
South Dakota,26,3,2,1,4,7,4,2,4,NA,B,NA,NA,NA
South Dakota,20,0,1,0,4,6,3,5,1,Public insurance - Medicaid,NA,NA,NA,NA
South Dakota,19,0,6,0,5,2,4,3,1,NA,NA,18-34 Years,NA,NA
South Dakota,15,1,5,1,2,2,2,2,1,NA,NA,NA,Hispanic/Latino,NA
South Dakota,13,0,1,1,2,6,2,0,1,NA,NA,NA,"Black, Non-Hispanic",NA
South Dakota,11,9,2,0,0,0,0,0,0,Unknown,NA,NA,NA,NA
South Dakota,9,0,1,1,3,3,1,1,0,Public insurance - Other government,NA,NA,NA,NA
South Dakota,8,0,0,2,1,1,1,2,1,NA,NA,NA,"Asian, Non-Hispanic",NA
South Dakota,8,0,0,2,0,3,1,2,0,NA,NA,NA,"Multiracial, Non-Hispanic",NA
South Dakota,7,1,0,0,2,2,2,0,0,Public insurance - Medicare & Choice,NA,NA,NA,NA
South Dakota,6,1,0,1,1,1,0,1,1,NA,AB,NA,NA,NA
South Dakota,4,0,1,1,2,0,0,1,0,Public insurance - Department of VA,NA,NA,NA,NA
South Dakota,1,1,0,0,0,0,0,0,0,NA,NA,1-5 Years,NA,NA
Tennessee,623,27,48,70,123,168,88,97,43,NA,NA,NA,NA,Female
Tennessee,"1,062",40,80,114,184,293,171,172,94,NA,NA,NA,NA,Male
Tennessee,882,25,62,86,162,230,152,166,77,NA,O,NA,NA,NA
Tennessee,784,33,58,88,148,199,125,125,64,NA,NA,NA,"White, Non-Hispanic",NA
Tennessee,783,15,55,82,137,209,129,140,60,Private insurance,NA,NA,NA,NA
Tennessee,762,28,58,80,138,215,111,126,65,NA,NA,NA,"Black, Non-Hispanic",NA
Tennessee,678,22,47,61,110,203,121,112,59,NA,NA,50-64 Years,NA,NA
Tennessee,508,29,44,66,93,146,69,59,33,NA,A,NA,NA,NA
Tennessee,461,17,28,45,92,123,64,79,36,NA,NA,65 +,NA,NA
Tennessee,401,10,24,44,60,111,75,56,42,Public insurance - Medicare FFS (Fee for Service),NA,NA,NA,NA
Tennessee,393,24,32,52,77,103,55,59,32,NA,NA,35-49 Years,NA,NA
Tennessee,391,7,26,37,93,112,45,55,23,Public insurance - Medicare & Choice,NA,NA,NA,NA
Tennessee,259,10,15,28,47,75,36,41,26,NA,B,NA,NA,NA
Tennessee,142,4,18,23,27,30,19,18,10,NA,NA,18-34 Years,NA,NA
Tennessee,90,1,2,16,14,25,9,12,11,Public insurance - Medicaid,NA,NA,NA,NA
Tennessee,63,4,6,8,9,16,12,9,3,NA,NA,NA,Hispanic/Latino,NA
Tennessee,54,34,19,1,0,0,0,0,0,Unknown,NA,NA,NA,NA
Tennessee,44,0,1,5,7,16,8,3,4,NA,NA,NA,"Multiracial, Non-Hispanic",NA
Tennessee,37,2,3,4,6,17,4,5,1,NA,NA,NA,"Asian, Non-Hispanic",NA
Tennessee,35,3,7,4,5,10,2,3,1,NA,AB,NA,NA,NA
Tennessee,22,0,4,3,4,5,4,2,0,Public insurance - Department of VA,NA,NA,NA,NA
Tennessee,22,1,1,2,4,7,1,5,1,Public insurance - Other government,NA,NA,NA,NA
Tennessee,5,0,2,1,0,2,0,0,0,NA,NA,1-5 Years,NA,NA
Tennessee,3,0,1,1,0,0,0,1,0,NA,NA,11-17 Years,NA,NA
Tennessee,3,0,0,0,0,0,1,1,1,NA,NA,NA,"American Indian/Alaska Native, Non-Hispanic",NA
Tennessee,2,0,0,1,1,0,0,0,0,NA,NA,6-10 Years,NA,NA
Tennessee,2,0,2,0,0,0,0,0,0,NA,NA,NA,Unknown,NA
Tennessee,1,0,0,0,0,0,0,1,0,NA,NA,NA,"Pacific Islander, Non-Hispanic",NA
Texas,"2,995",126,256,342,480,704,447,472,317,NA,NA,NA,NA,Female
Texas,"4,956",243,391,525,832,"1,207",797,783,472,NA,NA,NA,NA,Male
Texas,"4,736",209,358,505,770,"1,158",751,792,506,NA,O,NA,NA,NA
Texas,"4,275",106,297,473,735,"1,117",684,653,383,Private insurance,NA,NA,NA,NA
Texas,"3,677",158,287,352,589,890,602,637,375,NA,NA,50-64 Years,NA,NA
Texas,"3,659",154,293,383,603,930,584,604,279,NA,NA,NA,Hispanic/Latino,NA
Texas,"2,056",88,172,203,345,443,303,340,298,NA,NA,NA,"Black, Non-Hispanic",NA
Texas,"2,022",99,164,245,361,535,314,283,161,NA,NA,35-49 Years,NA,NA
Texas,"1,942",101,191,210,338,469,298,271,144,NA,A,NA,NA,NA
Texas,"1,812",98,147,227,294,435,288,245,161,NA,NA,NA,"White, Non-Hispanic",NA
Texas,"1,730",42,113,159,235,320,286,328,291,Public insurance - Medicare FFS (Fee for Service),NA,NA,NA,NA
Texas,"1,490",53,107,150,205,295,237,267,227,NA,NA,65 +,NA,NA
Texas,"1,355",29,93,159,234,349,213,218,74,Public insurance - Medicare & Choice,NA,NA,NA,NA
Texas,"1,133",46,80,125,178,261,184,177,128,NA,B,NA,NA,NA
Texas,679,49,77,102,139,182,84,64,23,NA,NA,18-34 Years,NA,NA
Texas,419,19,29,51,58,106,69,65,48,NA,NA,NA,"Asian, Non-Hispanic",NA
Texas,292,178,106,9,0,0,0,0,0,Unknown,NA,NA,NA,NA
Texas,213,3,12,33,38,51,28,29,20,Public insurance - Medicaid,NA,NA,NA,NA
Texas,207,6,11,13,44,53,40,32,24,Public insurance - Department of VA,NA,NA,NA,NA
Texas,138,13,18,27,26,23,11,15,11,NA,AB,NA,NA,NA
Texas,115,5,15,19,22,33,10,11,3,Public insurance - Other government,NA,NA,NA,NA
Texas,45,7,6,12,8,3,3,3,3,NA,NA,11-17 Years,NA,NA
Texas,24,3,2,3,4,3,3,5,1,NA,NA,NA,"Pacific Islander, Non-Hispanic",NA
Texas,23,1,1,3,2,6,1,6,3,NA,NA,NA,"American Indian/Alaska Native, Non-Hispanic",NA
Texas,21,1,2,2,9,3,3,1,0,NA,NA,NA,"Multiracial, Non-Hispanic",NA
Texas,19,2,2,6,4,2,3,0,0,NA,NA,1-5 Years,NA,NA
Texas,17,1,4,0,6,4,1,1,0,NA,NA,6-10 Years,NA,NA
Texas,7,0,0,1,3,3,0,0,0,Donation,NA,NA,NA,NA
Texas,6,5,1,0,0,0,0,0,0,NA,NA,NA,Unknown,NA
Texas,4,0,3,1,0,0,0,0,0,Foreign Government Specify,NA,NA,NA,NA
Texas,4,1,1,0,1,1,0,0,0,Free Care,NA,NA,NA,NA
Texas,3,0,0,0,2,1,0,0,0,Public insurance - CHIP (Children's Health Insurance Program),NA,NA,NA,NA
Texas,3,0,0,1,0,1,0,1,0,Self,NA,NA,NA,NA
Texas,2,0,0,0,0,0,0,0,2,Public insurance - Medicare Unspecified,NA,NA,NA,NA
Texas,1,0,0,1,0,0,0,0,0,Pending,NA,NA,NA,NA
Utah,176,11,18,18,33,44,28,15,11,NA,NA,NA,NA,Female
Utah,287,14,27,38,61,86,34,21,11,NA,NA,NA,NA,Male
Utah,299,14,24,41,65,81,42,22,15,NA,NA,NA,"White, Non-Hispanic",NA
Utah,277,15,26,32,54,73,48,23,10,NA,O,NA,NA,NA
Utah,263,10,16,28,47,85,37,27,14,Private insurance,NA,NA,NA,NA
Utah,153,7,7,26,30,46,18,14,8,NA,NA,50-64 Years,NA,NA
Utah,137,6,13,16,31,46,11,10,6,NA,A,NA,NA,NA
Utah,134,8,20,10,24,35,23,9,7,NA,NA,35-49 Years,NA,NA
Utah,116,6,8,11,31,33,14,9,6,NA,NA,65 +,NA,NA
Utah,99,7,14,9,17,27,14,8,3,NA,NA,NA,Hispanic/Latino,NA
Utah,98,2,2,14,23,28,17,7,5,Public insurance - Medicare FFS (Fee for Service),NA,NA,NA,NA
Utah,54,4,10,6,8,15,7,3,1,NA,NA,18-34 Years,NA,NA
Utah,36,4,2,5,5,11,4,2,3,Public insurance - Medicaid,NA,NA,NA,NA
Utah,35,1,3,8,15,4,3,1,0,Public insurance - Medicare & Choice,NA,NA,NA,NA
Utah,35,2,4,4,7,8,3,2,6,NA,B,NA,NA,NA
Utah,28,8,20,0,0,0,0,0,0,Unknown,NA,NA,NA,NA
Utah,20,3,2,2,3,6,2,1,1,NA,NA,NA,"Pacific Islander, Non-Hispanic",NA
Utah,14,2,2,4,2,3,0,1,0,NA,AB,NA,NA,NA
Utah,14,0,1,2,4,5,2,1,0,NA,NA,NA,"Black, Non-Hispanic",NA
Utah,14,0,2,0,3,6,1,2,0,NA,NA,NA,"American Indian/Alaska Native, Non-Hispanic",NA
Utah,13,0,1,1,2,3,1,2,3,NA,NA,NA,"Asian, Non-Hispanic",NA
Utah,9,0,1,2,3,2,1,0,0,Public insurance - Department of VA,NA,NA,NA,NA
Utah,4,0,1,1,0,2,0,0,0,NA,NA,NA,"Multiracial, Non-Hispanic",NA
Utah,3,0,0,3,0,0,0,0,0,NA,NA,1-5 Years,NA,NA
Utah,3,0,0,0,1,1,0,1,0,NA,NA,11-17 Years,NA,NA
Utah,2,0,1,0,1,0,0,0,0,Public insurance - Other government,NA,NA,NA,NA
Utah,1,1,0,0,0,0,0,0,0,NA,NA,NA,Unknown,NA
Vermont,43,3,5,6,9,13,4,2,4,NA,NA,NA,NA,Female
Vermont,74,2,4,8,10,27,13,16,1,NA,NA,NA,NA,Male
Vermont,104,5,6,12,17,36,16,17,4,NA,NA,NA,"White, Non-Hispanic",NA
Vermont,53,3,6,6,9,15,6,10,4,NA,O,NA,NA,NA
Vermont,50,3,2,7,8,19,8,4,3,Private insurance,NA,NA,NA,NA
Vermont,44,2,3,5,7,17,8,4,1,NA,A,NA,NA,NA
Vermont,38,1,3,4,6,9,7,9,2,NA,NA,65 +,NA,NA
Vermont,35,3,4,6,6,11,5,3,1,NA,NA,50-64 Years,NA,NA
Vermont,25,0,1,2,5,9,3,4,1,Public insurance - Medicaid,NA,NA,NA,NA
Vermont,25,0,1,2,6,10,5,4,0,NA,NA,35-49 Years,NA,NA
Vermont,23,0,1,3,4,4,3,8,1,Public insurance - Medicare FFS (Fee for Service),NA,NA,NA,NA
Vermont,15,1,0,1,1,8,0,2,2,NA,NA,18-34 Years,NA,NA
Vermont,14,0,0,2,2,7,2,1,0,Public insurance - Medicare & Choice,NA,NA,NA,NA
Vermont,14,0,0,2,3,4,3,3,0,NA,B,NA,NA,NA
Vermont,7,2,5,0,0,0,0,0,0,Unknown,NA,NA,NA,NA
Vermont,6,0,0,1,0,4,0,1,0,NA,AB,NA,NA,NA
Vermont,4,0,2,1,1,1,0,0,0,NA,NA,NA,"Black, Non-Hispanic",NA
Vermont,4,0,1,1,1,0,1,0,0,NA,NA,NA,Hispanic/Latino,NA
Vermont,3,0,1,1,0,1,0,0,0,NA,NA,11-17 Years,NA,NA
Vermont,3,0,0,0,0,2,0,1,0,NA,NA,NA,"Asian, Non-Hispanic",NA
Vermont,2,0,0,0,0,1,0,1,0,Public insurance - Department of VA,NA,NA,NA,NA
Vermont,1,0,0,0,0,1,0,0,0,Pending,NA,NA,NA,NA
Vermont,1,0,0,0,0,0,1,0,0,Public insurance - Other government,NA,NA,NA,NA
Vermont,1,0,0,0,0,1,0,0,0,NA,NA,1-5 Years,NA,NA
Vermont,1,0,0,0,0,0,0,0,1,NA,NA,NA,"American Indian/Alaska Native, Non-Hispanic",NA
Vermont,1,0,0,0,0,1,0,0,0,NA,NA,NA,"Multiracial, Non-Hispanic",NA
Virginia,"1,015",53,89,116,168,223,166,143,103,NA,NA,NA,NA,Female
Virginia,"1,626",94,139,167,273,395,287,263,109,NA,NA,NA,NA,Male
Virginia,"1,415",62,111,149,240,315,262,246,121,NA,O,NA,NA,NA
Virginia,"1,255",85,101,137,221,290,229,192,84,NA,NA,NA,"Black, Non-Hispanic",NA
Virginia,"1,142",24,79,116,187,275,199,201,113,Private insurance,NA,NA,NA,NA
Virginia,"1,110",64,91,112,196,254,190,177,93,NA,NA,50-64 Years,NA,NA
Virginia,966,41,98,101,139,210,158,155,98,NA,NA,NA,"White, Non-Hispanic",NA
Virginia,735,25,57,81,104,176,130,124,54,Public insurance - Medicare FFS (Fee for Service),NA,NA,NA,NA
Virginia,708,54,67,73,111,187,100,84,62,NA,A,NA,NA,NA
Virginia,696,39,54,68,94,165,120,111,70,NA,NA,65 +,NA,NA
Virginia,566,29,56,75,105,141,96,80,27,NA,NA,35-49 Years,NA,NA
Virginia,440,23,43,52,79,98,81,65,25,NA,B,NA,NA,NA
Virginia,311,10,23,31,76,75,55,36,13,Public insurance - Medicaid,NA,NA,NA,NA
Virginia,261,5,18,43,59,66,43,20,7,Public insurance - Medicare & Choice,NA,NA,NA,NA
Virginia,221,14,24,27,37,52,40,24,16,NA,NA,18-34 Years,NA,NA
Virginia,203,5,10,21,34,61,32,34,13,NA,NA,NA,"Asian, Non-Hispanic",NA
Virginia,192,10,15,20,37,50,29,20,16,NA,NA,NA,Hispanic/Latino,NA
Virginia,114,78,36,0,0,0,0,0,0,Unknown,NA,NA,NA,NA
Virginia,80,2,10,5,12,16,13,13,14,Public insurance - Other government,NA,NA,NA,NA
Virginia,77,8,7,9,11,18,10,11,4,NA,AB,NA,NA,NA
Virginia,62,3,4,5,7,11,14,10,10,Public insurance - Department of VA,NA,NA,NA,NA
Virginia,34,1,1,1,7,5,5,9,5,NA,NA,11-17 Years,NA,NA
Virginia,28,3,2,3,7,7,3,2,1,NA,NA,NA,"Multiracial, Non-Hispanic",NA
Virginia,17,0,1,3,3,3,4,3,0,Self,NA,NA,NA,NA
Virginia,9,0,1,0,2,0,1,4,1,NA,NA,6-10 Years,NA,NA
Virginia,8,1,0,0,3,0,2,2,0,NA,NA,NA,"Pacific Islander, Non-Hispanic",NA
Virginia,5,1,1,1,1,0,0,1,0,NA,NA,NA,"American Indian/Alaska Native, Non-Hispanic",NA
Virginia,4,0,1,0,0,1,1,1,0,NA,NA,1-5 Years,NA,NA
Virginia,2,1,1,0,0,0,0,0,0,NA,NA,NA,Unknown,NA
Virginia,1,0,0,0,0,0,0,0,1,Free Care,NA,NA,NA,NA
Virginia,1,0,0,0,0,1,0,0,0,Pending,NA,NA,NA,NA
Washington,422,12,30,41,70,102,64,62,46,NA,NA,NA,NA,Female
Washington,683,38,45,71,115,167,101,103,54,NA,NA,NA,NA,Male
Washington,576,30,35,45,102,138,91,89,54,NA,O,NA,NA,NA
Washington,569,27,38,66,98,143,85,77,46,NA,NA,NA,"White, Non-Hispanic",NA
Washington,551,18,31,53,97,130,86,88,52,Private insurance,NA,NA,NA,NA
Washington,437,20,26,38,71,97,75,70,46,NA,NA,50-64 Years,NA,NA
Washington,360,17,26,46,53,88,51,56,29,NA,A,NA,NA,NA
Washington,345,17,17,33,53,84,59,59,27,NA,NA,65 +,NA,NA
Washington,302,11,21,30,53,84,48,40,16,Public insurance - Medicare FFS (Fee for Service),NA,NA,NA,NA
Washington,216,12,19,26,42,53,23,27,18,NA,NA,35-49 Years,NA,NA
Washington,195,7,11,12,26,44,42,35,18,NA,NA,NA,"Asian, Non-Hispanic",NA
Washington,146,6,14,13,26,37,9,27,14,NA,NA,NA,Hispanic/Latino,NA
Washington,135,2,12,17,23,37,15,17,14,NA,B,NA,NA,NA
Washington,121,5,8,13,20,26,20,15,17,NA,NA,NA,"Black, Non-Hispanic",NA
Washington,102,1,7,13,15,22,10,19,15,Public insurance - Medicaid,NA,NA,NA,NA
Washington,81,1,3,9,13,17,9,16,13,Public insurance - Medicare & Choice,NA,NA,NA,NA
Washington,69,0,8,10,15,23,5,3,7,NA,NA,18-34 Years,NA,NA
Washington,50,4,3,5,11,10,7,7,3,NA,NA,NA,"Pacific Islander, Non-Hispanic",NA
Washington,39,1,3,5,6,11,11,2,2,Public insurance - Department of VA,NA,NA,NA,NA
Washington,34,1,2,4,7,6,8,3,3,NA,AB,NA,NA,NA
Washington,27,17,9,1,0,0,0,0,0,Unknown,NA,NA,NA,NA
Washington,24,0,1,4,4,8,3,2,2,NA,NA,11-17 Years,NA,NA
Washington,15,0,0,1,4,5,1,4,0,NA,NA,NA,"American Indian/Alaska Native, Non-Hispanic",NA
Washington,11,1,2,1,1,4,1,0,1,Public insurance - Other government,NA,NA,NA,NA
Washington,10,1,0,2,0,4,1,0,2,NA,NA,NA,"Multiracial, Non-Hispanic",NA
Washington,8,0,4,1,0,2,0,1,0,NA,NA,6-10 Years,NA,NA
Washington,5,0,0,0,0,2,0,3,0,NA,NA,1-5 Years,NA,NA
Washington,1,0,0,0,0,0,0,0,1,Donation,NA,NA,NA,NA
Washington,1,0,0,0,0,1,0,0,0,Public insurance - CHIP (Children's Health Insurance Program),NA,NA,NA,NA
Washington,1,1,0,0,0,0,0,0,0,NA,NA,< 1 Year,NA,NA
Washington,1,0,1,0,0,0,0,0,0,NA,NA,NA,Unknown,NA
West Virginia,99,5,7,13,17,25,13,16,10,NA,NA,NA,NA,Female
West Virginia,134,10,16,14,33,38,14,13,9,NA,NA,NA,NA,Male
West Virginia,197,12,21,21,42,52,25,25,15,NA,NA,NA,"White, Non-Hispanic",NA
West Virginia,118,8,12,13,22,35,14,15,8,NA,O,NA,NA,NA
West Virginia,107,6,14,8,24,32,14,14,9,NA,NA,50-64 Years,NA,NA
West Virginia,96,4,7,11,21,24,15,14,8,Private insurance,NA,NA,NA,NA
West Virginia,75,4,10,12,19,16,6,10,5,NA,A,NA,NA,NA
West Virginia,60,6,5,6,10,14,8,7,7,NA,NA,65 +,NA,NA
West Virginia,54,3,4,4,15,11,4,7,8,Public insurance - Medicare FFS (Fee for Service),NA,NA,NA,NA
West Virginia,43,1,3,8,8,13,5,6,2,NA,NA,35-49 Years,NA,NA
West Virginia,33,0,2,5,8,13,3,3,0,Public insurance - Medicare & Choice,NA,NA,NA,NA
West Virginia,32,3,1,2,7,9,6,3,5,NA,B,NA,NA,NA
West Virginia,28,3,1,4,6,9,2,3,4,NA,NA,NA,"Black, Non-Hispanic",NA
West Virginia,22,0,1,6,3,9,1,2,0,Public insurance - Medicaid,NA,NA,NA,NA
West Virginia,19,1,1,5,6,4,0,1,1,NA,NA,18-34 Years,NA,NA
West Virginia,18,2,0,0,4,3,4,4,3,Public insurance - Department of VA,NA,NA,NA,NA
West Virginia,14,5,9,0,0,0,0,0,0,Unknown,NA,NA,NA,NA
West Virginia,8,0,0,0,2,3,1,1,1,NA,AB,NA,NA,NA
West Virginia,5,1,0,1,1,1,0,1,0,Public insurance - Other government,NA,NA,NA,NA
West Virginia,3,0,0,0,0,2,1,0,0,Pending,NA,NA,NA,NA
West Virginia,3,0,0,1,1,0,0,1,0,NA,NA,NA,Hispanic/Latino,NA
West Virginia,2,1,0,0,1,0,0,0,0,NA,NA,1-5 Years,NA,NA
West Virginia,2,0,0,1,0,1,0,0,0,NA,NA,NA,"Multiracial, Non-Hispanic",NA
West Virginia,1,0,0,0,1,0,0,0,0,NA,NA,6-10 Years,NA,NA
West Virginia,1,0,0,0,0,0,0,1,0,NA,NA,11-17 Years,NA,NA
West Virginia,1,0,1,0,0,0,0,0,0,NA,NA,NA,Unknown,NA
West Virginia,1,0,0,0,0,1,0,0,0,NA,NA,NA,"Asian, Non-Hispanic",NA
West Virginia,1,0,0,0,1,0,0,0,0,NA,NA,NA,"American Indian/Alaska Native, Non-Hispanic",NA
Wisconsin,408,20,36,60,63,107,56,57,40,NA,NA,NA,NA,Female
Wisconsin,694,29,60,85,111,180,115,95,55,NA,NA,NA,NA,Male
Wisconsin,729,31,72,93,115,192,111,100,59,NA,NA,NA,"White, Non-Hispanic",NA
Wisconsin,567,21,45,81,80,146,85,102,51,NA,O,NA,NA,NA
Wisconsin,501,9,37,67,80,115,72,92,47,Private insurance,NA,NA,NA,NA
Wisconsin,472,28,35,71,74,109,66,71,43,NA,NA,50-64 Years,NA,NA
Wisconsin,335,19,40,40,66,86,44,29,21,NA,A,NA,NA,NA
Wisconsin,286,6,24,26,35,85,55,40,28,NA,NA,65 +,NA,NA
Wisconsin,241,3,18,32,33,67,37,32,27,Public insurance - Medicare FFS (Fee for Service),NA,NA,NA,NA
Wisconsin,221,9,23,33,40,58,35,24,17,NA,NA,35-49 Years,NA,NA
Wisconsin,184,5,18,28,36,52,29,11,8,Public insurance - Medicare & Choice,NA,NA,NA,NA
Wisconsin,183,7,12,21,30,49,23,25,20,NA,NA,NA,"Black, Non-Hispanic",NA
Wisconsin,165,6,9,17,21,46,36,20,21,NA,B,NA,NA,NA
Wisconsin,142,2,8,15,16,44,30,17,14,Public insurance - Medicaid,NA,NA,NA,NA
Wisconsin,107,6,10,11,23,30,15,16,7,NA,NA,18-34 Years,NA,NA
Wisconsin,90,4,5,19,9,25,20,13,9,NA,NA,NA,"Asian, Non-Hispanic",NA
Wisconsin,77,6,6,8,16,13,16,10,6,NA,NA,NA,Hispanic/Latino,NA
Wisconsin,41,28,13,0,0,0,0,0,0,Unknown,NA,NA,NA,NA
Wisconsin,34,3,2,7,7,8,6,1,2,NA,AB,NA,NA,NA
Wisconsin,22,2,1,3,8,6,1,0,1,Public insurance - Department of VA,NA,NA,NA,NA
Wisconsin,17,0,1,4,2,6,0,3,1,NA,NA,NA,"American Indian/Alaska Native, Non-Hispanic",NA
Wisconsin,11,1,2,0,1,4,2,1,0,Public insurance - Other government,NA,NA,NA,NA
Wisconsin,9,0,3,2,1,3,0,0,0,NA,NA,11-17 Years,NA,NA
Wisconsin,5,0,1,2,1,1,0,0,0,NA,NA,1-5 Years,NA,NA
Wisconsin,4,0,0,0,2,1,0,1,0,NA,NA,NA,"Multiracial, Non-Hispanic",NA
Wisconsin,1,0,0,0,0,0,0,1,0,NA,NA,6-10 Years,NA,NA
Wisconsin,1,1,0,0,0,0,0,0,0,NA,NA,NA,Unknown,NA
Wisconsin,1,0,0,0,0,0,1,0,0,NA,NA,NA,"Pacific Islander, Non-Hispanic",NA
Wyoming,82,6,10,9,12,19,10,12,4,All payments,All ABO,All ages,All ethnicities,All sexes
Wyoming,32,0,6,0,8,5,5,6,2,NA,NA,NA,NA,Female
Wyoming,50,6,4,9,4,14,5,6,2,NA,NA,NA,NA,Male
Wyoming,62,5,9,6,11,15,5,7,4,NA,NA,NA,"White, Non-Hispanic",NA
Wyoming,46,1,1,6,6,11,9,10,2,Private insurance,NA,NA,NA,NA
Wyoming,46,2,6,7,6,11,5,8,1,NA,O,NA,NA,NA
Wyoming,33,3,4,5,2,8,3,5,3,NA,NA,50-64 Years,NA,NA
Wyoming,25,3,1,2,6,4,4,4,1,NA,NA,65 +,NA,NA
Wyoming,24,3,3,2,4,6,2,2,2,NA,A,NA,NA,NA
Wyoming,17,2,1,2,3,6,0,1,2,Public insurance - Medicare & Choice,NA,NA,NA,NA
Wyoming,15,0,3,2,3,4,1,2,0,NA,NA,35-49 Years,NA,NA
Wyoming,12,3,8,1,0,0,0,0,0,Unknown,NA,NA,NA,NA
Wyoming,10,1,0,0,2,2,3,1,1,NA,B,NA,NA,NA
Wyoming,10,1,0,0,1,3,2,3,0,NA,NA,NA,Hispanic/Latino,NA
Wyoming,7,0,1,0,1,3,1,1,0,NA,NA,18-34 Years,NA,NA
Wyoming,6,0,0,0,2,3,0,1,0,Public insurance - Medicare FFS (Fee for Service),NA,NA,NA,NA
Wyoming,5,0,0,2,0,1,0,2,0,NA,NA,NA,"American Indian/Alaska Native, Non-Hispanic",NA
Wyoming,3,0,0,1,0,0,2,0,0,NA,NA,NA,"Black, Non-Hispanic",NA
Wyoming,2,0,1,0,0,0,0,1,0,NA,AB,NA,NA,NA
Wyoming,1,0,0,0,1,0,0,0,0,Public insurance - Department of VA,NA,NA,NA,NA
Wyoming,1,0,0,0,0,0,1,0,0,Public insurance - Medicaid,NA,NA,NA,NA
Wyoming,1,0,0,0,0,0,1,0,0,NA,NA,6-10 Years,NA,NA
Wyoming,1,0,1,0,0,0,0,0,0,NA,NA,11-17 Years,NA,NA
Wyoming,1,0,1,0,0,0,0,0,0,NA,NA,NA,"Asian, Non-Hispanic",NA
Wyoming,1,0,0,0,0,0,1,0,0,NA,NA,NA,"Multiracial, Non-Hispanic",NA